key,0,1,2
#,Description,Description{Enhanced},Tooltip
int32,str,str,str
0,"","",""
1,"Ruf deinen von deiner Staatlichen Ge<SoftHyphen/>sell<SoftHyphen/>schaft ausgegebenen Kampf-Chocobo herbei.","Diese Tiere wachsen im Stadt<SoftHyphen/>staat von Ishgard auf und eignen sich sowohl zum Reiten als auch für die Schlacht. Um dem Körperbau von Roegadyn und Lalafell gerecht zu werden, werden auch besonders kräftige und sehr kleine
Varianten gezüchtet.","Schlafende Chocobos soll man nicht wecken. Warum? Weil
sie einen noch strengeren Körpergeruch entwickeln, wenn
sie nicht ausgeschlafen sind.
<Emphasis>Volksmund</Emphasis>"
2,"","",""
3,"","",""
4,"Benutz dein Goobbue-Horn, das dir der Fahrende Sänger gab, um dein moosiges Reittier herbeizurufen.","Wie diese wilde Kreaturen zu zähmen sind, war lange Zeit ein Mysterium. Bis ein sagenumwobener fahrender Sänger in den letzten Tagen vor der Katastrophe durch Eorzea wanderte und es dessen Bewohnern näherbrachte.","Mmmm, was für Delikatessen! Wenn ich
doch nur den Magen einer Goobbue hätte,
dann könnte ich noch mehr essen.
<Emphasis>Nanamo</Emphasis>"
5,"Fünf Jahre und eine erschütternde Katastrophe konnten die Bande zwischen euch nicht sprengen: Ein Pfiff, und dein treuer Chocobo ist zur Stelle wie in alten Zeiten.","In den fünf Jahren nach deinem plötzlichen Verschwinden in Carteneau hat dieser treue Chocobo jeden Moment damit zugebracht, auf der Suche nach seinem verlorenen Meister durch die Lande zu streifen. Seine zahlreichen
Abenteuer sind fantastisch
und herzzerreißend ...","Bis vor kurzem wurde die Chocobo-Zucht nur in Ishgard betrieben. Dort wurde
alles sehr streng reguliert. Es gab zum Beispiel ein striktes Exportverbot für
weibliche Chocobos, um die Monopolstellung Ishgards nicht zu gefährden.
<Emphasis>Keitha</Emphasis>"
6,"Ruf deine von den Gar<SoftHyphen/>lond-Me<SoftHyphen/>tall<SoftHyphen/>wer<SoftHyphen/>ken modifizierte Magitek-Kampfmaschine herbei.","Dieser garleischen Magitek-Kampfrüstung wurde das ursprüngliche Kontrollsystem entfernt und durch einen neuen, modifizierten Kern ersetzt, den Cid von den Gar<SoftHyphen/>lond-Me<SoftHyphen/>tall<SoftHyphen/>wer<SoftHyphen/>ken entwickelt hat.","Der Pfirsichduft weckt auch in mir wohlige Erinnerungen. Ganz Doma war im
Frühling bedeckt von der Pracht rosafarbener Blüten. Nun, bis die Garlear mit ihren
Magitek-Kampf<SoftHyphen/>maschinen alles niedertraten, was in unserem schönen Land wuchs.
<Emphasis>Houzan</Emphasis>"
7,"","",""
8,"Ruf deinen flinken Coeurl herbei, der darauf trainiert wurde, dich als <If(PlayerParameter(4))>seine Meisterin<Else/>seinen Meister</If> zu erkennen und nicht als Mahlzeit.","Diese Spezies stammt aus dem Nahen Osten und hat sich erst vor kurzem auch in Eorzea verbreitet. Die Tiere wurden von Adeligen aus Ul'dah aus fernen Ländern wie Thavnair importiert, um sie als Haustiere zu halten. Jedoch gibt es nur eine Handvoll ausgebildeter Bändiger, die sie abzurichten vermögen.","Erst letzte Woche wurde ein Neuling von einem Coeurl
in Stücke gerissen. Kein schöner Anblick, das sage ich dir.
<Emphasis>Orwen</Emphasis>"
9,"Ruf deinen Ahriman herbei, den mächtige Magie dazu brachte, sich ohne Murren von dir reiten zu lassen. ","Obwohl man wenig über das Reich des Nichts und dessen Kreaturen weiß, haben Gelehrte entdeckt, dass es eine strikte Hierarchie unter den Nichts-
gesandten gibt, die aus zwölf Rängen besteht. Ahriman gehören mutmaßlich zum fünften davon, was sie zu formidablen Gegnern
macht.","Sprachforscher vermuten, dass gefräßige Ahriman der
Ursprung für die Redensart „Das Auge isst mit.“ sind.
<Emphasis>Enzyklopädie Eorzea</Emphasis>"
10,"","",""
11,"","",""
12,"","",""
13,"","",""
14,"","",""
15,"Ruf dein weißes, elegant gehörntes Reittier herbei, mit dem du dich im Finsterwald befreundet hast. ","Vor gar nicht allzu langer Zeit gab es in Eorzea noch Tausende von Einhörnern, die oft in großen Herden über das Hochland von Coerthas zogen und die Berge so schneeweiß färbten. Die Wilderei hat den Beständen jedoch arg zugesetzt, und wenn du nicht gewesen wärest, gäbe es
nun noch eins weniger.","Einhörner sind klug und dafür bekannt, sich für
gute Taten bei ihren Gönnern zu bedanken.
<Emphasis>Braya</Emphasis>"
16,"","",""
17,"","",""
18,"Ruf deinen kraftstrotzenden Behemoth. ","Unmittelbar nach der Katastrophe stieß eine Abenteurerin bei ihrer Rückkehr von Falkenhorst nach Gridania auf eine Höhle mit Baby-Behemoths, die ihre Mutter im Flammenmeer von Bahamut verloren hatten. Trotz energischer Einwände von Freunden und Familie behielt sie die kleinen Bestien und richtete sie als Reittiere ab.","Und vergiss nicht: Egal, was passieren sollte,
leg dich auf keinen Fall mit dem Behemoth an!
<Emphasis>Meurise</Emphasis>"
19,"Besteig deinen kampfstarken Drakon, den die Bruderschaft der Asche herangezogen hat.","Einen Reit-Drakon abzurichten ist ein langer und mühseliger Prozess, der schon kurz nach dem Schlüpfen des Jungtieres beginnt. Er bekommt seine Mutter nie zu Gesicht und wird von einem Drakon-Flüsterer aufgezogen, um sicherzustellen, dass er sowohl unterwürfig als auch tödlich ist.","Drakons schubsen ihre Jungen in einen Abgrund,
aus dem sie aus eigener Kraft emporklettern müssen.
Genau so ist es auch bei den Amalj'aa.
<Emphasis>Hamujj Gah</Emphasis>"
20,"Klettere auf deine hünenhafte Waldkreatur, die dir die Sylphen anvertraut haben.","Nachdem ihr das Moos und die Blumen vom Kopf entfernt wurden, nahmen die Sylphen von der Sylphen-Zuflucht diese sanftmütige Goobbue bei sich auf und fertigten für sie einen beeindruckenden Lorbeerkranz an, um ihre Narben zu kaschieren.","Die Goobbueige der Meinigen riecht wie
eine alte Milchwurzel, hihi. So süß!
<Emphasis>Nyxia</Emphasis>"
21,"Ruf deine antimagisch beschichtete Magitek-Kampfmaschine (Typ C) herbei.","Nach nur wenigen Gefechten mit den alliierten Stadt<SoftHyphen/>staaten musste Garlemand feststellen, dass die Zauber der Magier des Reiches selbst die dickste Magitek-Rüstung durchdrangen. Daraufhin wurde eine spezielle Bronzelegierung erfunden, um elementaren Angriffen besser
standhalten zu können.","Was ist das? Ein verbesserter Typ von Magitek-Kampfmaschine?
<Emphasis>Biggs</Emphasis>"
22,"Ruf dein freundliches Pferd Albtraum herbei.","Es ist kein Geheimnis, dass es die Ascians waren, die die Wilden Stämme mit Albträumen versorgten, aber die Gründe dafür sind nach wie vor unklar. Die wilden Bestien gelten als unzähmbar und einzig der schrille Ton einer magischen Pfeife vermag sie zu beruhigen.","Ich hörte die eindringlichen Stimmen der Gebieter in ungewohnter
Klarheit rufen: „Der Albtraum ist erwacht!“ So viel Schrecken
schwang in ihren Worten mit, wie ich es nie zuvor erlebt habe.
<Emphasis>A-Ruhn-Senna</Emphasis>"
23,"","",""
24,"","",""
25,"Ruf deinen Chocomoppel herbei. Obwohl ihm frisches Futter eigentlich mehr bedeutet als deine Beförderung.","Dieser gefräßige Gourmet wird kaum eine Feder schwingen, solange nicht ein Bündel Gizar-Blätter vor seinem Schnabel baumelt. Dann jedoch kennt er kein Halten mehr und es gibt nichts, was ihn stoppen könnte.","<keuch> K...weh... <keuch>
<Emphasis>Choco-Fettwanst</Emphasis>"
26,"Ruf deinen Kavallerie-Elbst herbei, der aus einem Ei von Pahh von Novvs Sippe stammt.","Damit seine Elbste mit den flinken Chocobos mithalten können, stutzt Pahh von Novvs Sippe ihre Schwimmhäute schon in jungen Jahren. Auch wenn sie dadurch schneller laufen, büßen sie doch einen Teil ihrer Schwimmfähigkeit ein.","Auf dem Rücken dieser stolzen Tiere meisterst du
selbst das stürmischste aller Meere! Sssssh ...
<Emphasis>Novv</Emphasis>"
27,"Ruf einen Schwarm von explosiven Sänftenträgern für dich herbei. Angenehme Reise!","Als er erfuhr, dass seine Schöpfungen nicht die Fähigkeit besaßen, sich selbst zu entflammen, tat Ba Go, was jeder gute Sprengmeister tun würde - er brachte die Bomber an den Ecken eines bestickten Seidenkissens an und erschuf
eine schwebende Kutsche.","Hihihi, Bomber zur Explosion geboren. Für einen
kurzen Moment sie leben. In einem Augenblick
des Glanzes sie vergehen.
<Emphasis>Ba Go, Akolyth des 789. Ordens</Emphasis>"
28,"Ruf das legendäre Ross Aithon herbei, welches dem Primae Ifrit zugerechnet wird. Sein Atem ist so heiß wie die Sieben Höllen zusammen.","Der Legende nach schuf der Herr des Infernos, Ifrit, dieses magische Ross aus einem Albtraum, der von den Amalj'aa geopfert wurde.","Ich frage mich, wer wohl schneller galoppieren kann: Chocobos
oder Pferde? Bestimmt Pferde, die haben schließlich doppelt so
viele Beine!
<Emphasis>Yozan</Emphasis>"
29,"Ruf das legendäre Ross Xanthos herbei, welches dem Primae Garuda zugerechnet wird. In vollem Galopp ist es so schnell wie der Wind.","Der Legende nach schuf die Herrin der Winde, Garuda, dieses magische Ross aus einem Albtraum, der von den Ixal geopfert wurde.","Ich frage mich, wer wohl schneller galoppieren kann: Chocobos
oder Pferde? Bestimmt Pferde, die haben schließlich doppelt so
viele Beine!
<Emphasis>Yozan</Emphasis>"
30,"Ruf das legendäre Ross Gullfaxi herbei, welches dem Primae Titan zugerechnet wird. Das Stampfen seiner kräftigen Beine ruft Erschütterungen hervor, die noch malmenweit weg spürbar sind.","Der Legende nach schuf der Herr der Felsen, Titan, dieses magische Ross aus einem Albtraum, der von den Kobolden geopfert wurde.","Ich frage mich, wer wohl schneller galoppieren kann: Chocobos
oder Pferde? Bestimmt Pferde, die haben schließlich doppelt so
viele Beine!
<Emphasis>Yozan</Emphasis>"
31,"Ruf das legendäre Ross Enbarr herbei, welches dem Primae Leviathan zugerechnet wird. Die tosenden Wellen selbst sollen es an Land geworfen haben.","Der Legende nach schuf der Herr der Wogen, Leviathan, dieses magische Ross aus einem Albtraum, der von den Sahagin geopfert wurde.","Ich frage mich, wer wohl schneller galoppieren kann: Chocobos
oder Pferde? Bestimmt Pferde, die haben schließlich doppelt so
viele Beine!
<Emphasis>Yozan</Emphasis>"
32,"Ruf deinen furchtlosen Kriegslöwen herbei, der über das Schlachtfeld herrschen wird wie über das Reich der Tiere.","In der Sechsten Ära des Lichts wurden Löwen aus dem Nahen Osten nach Ul'dah gebracht, um dort als Kampfreittiere der Palastwache zu dienen. Man hielt sie jedoch für unzähmbar, und so wurden die Tiere, die man nicht für Tierhetzen ans Kolosseum verkaufte, in den Wüsten von Thanalan wieder ausgesetzt.","Ich soll mich auf diesen abgemagerten Löwen setzen? Hat
der heute überhaupt schon etwas zu futtern bekommen?
<Emphasis>Furchtsame Palastwache</Emphasis>"
33,"Ruf deinen furchtlosen Kriegsbären herbei, der schon Tausende Schlachten geschlagen hat. Sein Anblick wird deine Gegner erzittern lassen.","Krieger vergangener Generationen reisten auf der Suche nach Ruhm und Ehre zuweilen in die Wildnis von Abalathia, um einen der riesigen Grizzlybären aufzuspüren. Sie versuchten dann, ihn niederzuringen und voller Stolz den Ritt auf ihm zurück in die Zivilisation anzutreten. Oder sie kamen
bei dem Versuch ums Leben.","Haben Sie keine Angst, der will nur spielen.
<Emphasis>Urgh, Bärentrainer von Halatali</Emphasis>"
34,"Rufe deinen Tandem-Chocobo herbei. Ein gewaltiger Vogel, der stark genug ist, um zwei Reiter zu tragen.","Diese bisher unbekannte Rasse wurde angeblich von Chocobo-Jägern auf der Suche nach dem legendären Chocobo-Wald entdeckt. Seine enorme Größe würde ihn zu einem idealen Last-Chocobo machen, aber sein Temperament führt häufig zu
Verletzungen bei
unvorsichtigen Reitern.","Das war vielleicht ein Kaventsmann, von doppeltem Umfang
wie ein Roegadyn würd ich sagen, und tatsächlich trug er auch
gleich zwei davon auf seinem Rücken, als wären es Küken.
<Emphasis>Kommandeur Ribald</Emphasis>"
35,"Rufe deinen tödlichen Düsterwolf herbei. Einer von fünf Welpen, die man im tiefen Schnee an den Körper ihrer erschlagenen Mutter geschmiegt auffand.","Während der Sechsten Ära des Lichts führten Massenkeulungen dieser Bestien dazu, dass Naturforscher die Spezies für ausgestorben hielten. Sie wurden jedoch widerlegt, als Aufklärer der Ixal auf ein Rudel in den dünn besiedelten Bergen von Xelphatol stießen.","Zwei gute Ritter habe ich an diese Wölfe verloren.
<Emphasis>Ritter Corentiaux aus dem Haus Fortemps</Emphasis>"
36,"Rufe dein vom Mahlstrom ausgegebenes Schlachtross herbei und versuche den Gedanken zu verdrängen, dass dein Chocobo nun ganz allein und hungrig irgendwo herumsitzt.","Nachdem sie beeindruckenden Demonstrationen beiwohnten, wie ein Schlachtross das Blatt auf dem Schlachtfeld wenden kann, ließen sich die Staatlichen Ge<SoftHyphen/>sell<SoftHyphen/>schaften von Eorzea nicht lumpen und zahlten der Pferdeministerin ordentliche Summen, um sich an der Carteneauer Front einen
Vorteil zu verschaffen.","Hm? Ob ich Pferde schön finde? Bist du jetzt völlig übergeschnappt?
<Emphasis>Anonymer Chocobo-Züchter</Emphasis>"
37,"Rufe dein von der Bruderschaft ausgegebenes Schlachtross herbei und versuche den Gedanken zu verdrängen, dass dein Chocobo nun ganz allein und hungrig irgendwo herumsitzt.","Nachdem sie beeindruckenden Demonstrationen beiwohnten, wie ein Schlachtross das Blatt auf dem Schlachtfeld wenden kann, ließen sich die Staatlichen Ge<SoftHyphen/>sell<SoftHyphen/>schaften von Eorzea nicht lumpen und zahlten der Pferdeministerin ordentliche Summen, um sich an der Carteneauer Front einen
Vorteil zu verschaffen.","Hm? Ob ich Pferde schön finde? Bist du jetzt völlig übergeschnappt?
<Emphasis>Anonymer Chocobo-Züchter</Emphasis>"
38,"Rufe dein von der Legion ausgegebenes Schlachtross herbei und versuche den Gedanken zu verdrängen, dass dein Chocobo nun ganz allein und hungrig irgendwo herumsitzt.","Nachdem sie beeindruckenden Demonstrationen beiwohnten, wie ein Schlachtross das Blatt auf dem Schlachtfeld wenden kann, ließen sich die Staatlichen Ge<SoftHyphen/>sell<SoftHyphen/>schaften von Eorzea nicht lumpen und zahlten der Pferdeministerin ordentliche Summen, um sich an der Carteneauer Front einen
Vorteil zu verschaffen.","Hm? Ob ich Pferde schön finde? Bist du jetzt völlig übergeschnappt?
<Emphasis>Anonymer Chocobo-Züchter</Emphasis>"
39,"","",""
40,"Ruf das legendäre Ross Markab herbei, welches dem Primae Ramuh zugerechnet wird. Es soll durch einen einzelnen Blitz zum Leben erweckt worden sein.","Der Legende nach schuf der Herr der Blitze, Ramuh, dieses magische Ross aus einem Albtraum, der von den Sylphen geopfert wurde.","Ich frage mich, wer wohl schneller galoppieren kann: Chocobos
oder Pferde? Bestimmt Pferde, die haben schließlich doppelt so
viele Beine!
<Emphasis>Yozan</Emphasis>"
41,"Ruf deinen prachtvoll mit reinem Weiß geschmückten Chocobo herbei. Das passende Reittier für einen ganz besonderen Anlass.","Ein Chocobo mit von Natur aus schneeweißem Gefieder, der in Ishgard gezüchtet wurde. Tiere dieser Rasse sind außer<SoftHyphen/>ge<SoftHyphen/>wöhn<SoftHyphen/>lich sanft und gelehrig und dulden auch zwei Reiter auf ihrem Rücken.","Hübsch? Sicher. Aber wenn dir einer im Schnee ausbüxt, wünsche ich viel Spaß bei der Suche.
<Emphasis>Ishgarder Züchter</Emphasis>"
42,"Rufe das legendäre Ross Sleipnir herbei, welches dem Primae Odin als Reittier dient. Seine glühend roten Augen stechen aus der nachtschwarzen Mähne hervor.","Gesegnet von Odin höchstselbst, ist Sleipnir denen auf ewig treu ergeben, die sich seiner als würdig erwiesen haben. Das schwarze Ross ist nicht nur furchtlos im Kampf, sondern kann seine Größe auch der des Reiters anpassen.","Da steht ein
Pferd in Rankenflur.
<Emphasis>Erik</Emphasis>"
43,"Rufe das legendäre Ross Boreas herbei, welches dem Primae Shiva als Reittier dient. Sein Atem soll Schneestürme entfachen.","Legenden erzählen davon, dass Shiva Boreas aus einem Einhorn schuf, das ihr ihre Anhänger opferten.","Du gibst dich als Pferd
aus, um die Vorzüge der
Pferde anzupreisen?
Haha, was für ein Blödsinn!
<Emphasis>Ul'dahner</Emphasis>"
44,"Rufe deinen Parade-Chocobo herbei, der - seinem Aussehen nach zu urteilen - noch nicht in vielen Paraden mitmarschiert ist.","Ursprünglich von der Aben<SoftHyphen/>teurer<SoftHyphen/>gilde erworben, um ihn in Paraden einzusetzen, verspielte dieser stämmige Chocobo alle Sympathien, als er gleich bei der ersten Fütterung eine ganze Mondration Gizar-Blätter verschlang.
Danach marschierte er
direkt aufs Abstellgleis.","Psst! Lust auf 'ne Parade?
<Emphasis>Windiger Gaukler</Emphasis>"
45,"Rufe deinen schwarzen Flug-Chocobo herbei.","Dieser schwarzgefiederte Chocobo wurde dir von Haurchefant als Zeichen seiner Freund<SoftHyphen/>schaft übergeben.","Dann schnappst du dir besser einen schwarzen Chocobo, dann bist du im Nu dort.
<Emphasis>Redwald</Emphasis>"
46,"Rufe deine Reit-Taimai herbei. Keine Sorge, sie ist schneller, als sie aussieht.","Die auf der nah-östlichen Insel Thavnair heimische Riesenschildkröte wurde lange Zeit für unzähmbar gehalten, doch gelang es ul'dhischen Zoologen, eine kleine Anzahl von ihnen als Reittiere abzurichten. Die Thaumaturgen-Gilde vollbrachte es zudem, die unbeweglichen Riesen mithilfe uralter Rituale
mit Flugfähigkeiten auszustatten.","Man bringe mir einen
geräucherten Wellwick-
Wurm, ein weichgekochtes
Adaman-Taimai-Ei und ein
Goblinkäse-Soufflé. Aber
dalli dalli!
<Emphasis>Gegeruju</Emphasis>"
47,"Rufe dein Kirin herbei, den unumschränkten König der Tiere im Fernen Osten. ","Wen man in Othard auch nach der mächtigsten Kreatur fragt, die Antwort ist immer dieselbe: Kirin. Es heißt, das löwenartige Wesen streife schon über tausend Jahre durch den Fernen Osten und erkenne nur einen wahren Helden
als seinen Herrn an.","Wenn ich Ferner Osten sage,
dann mein ich übrigens auch fern.
<Emphasis>Gerolt</Emphasis>"
48,"Rufe dein allagisches Logistiksystem herbei. Zu deiner Sicherheit und der von Passanten wurden alle Waffensysteme deaktiviert.","Eine der automatisierten Drohnen, die die Allager zum Schutz ihrer Festung einsetzten. Nachdem sie von den Forschern der Sankt Coinach-Stiftung gefunden wurde, modifizierte Nero tol Scaeva sie zu seinem persönlichen Transportmittel.","Bescheidenheit war den
Allagern anscheinend fremd.
<Emphasis>G'raha Tia</Emphasis>"
49,"Rufe einen reinrassigen abalathischen Höllenhund herbei, der nach seinem legendären Rudelführer benannt ist.","Zu Ishgards Hochzeiten waren die Hochebenen von Coerthas so gut wie befreit von den gefährlichen Höllenhunden. Doch die Klimaänderungen der Katastrophe haben die legendären Raubtiere erneut aus ihren Höhlen in besiedelte Gebiete getrieben.","Alle hundertausend
heulende Höllenhunde!
<Emphasis>Unbekannter Seefahrer</Emphasis>"
50,"Rufe Midgardsormr herbei - maßstabsgetreu, aber nicht in Originalgröße.","Nachdem du dich in zahllosen Abenteuern behauptet hast, gestattet der Urvater aller Drachen dir, auf seinem Rücken Platz zu nehmen.","Doch sagt, glaubt Ihr wirklich,
Midgardsormr könnte wiederauferstehen?
<Emphasis>Alphinaud</Emphasis>"
51,"","",""
52,"Rufe einen bernsteinfarbenen Riesen-Chocobo herbei. Stark genug, um zwei Reiter zu tragen.","Rot-glänzender Bernstein ist den Ishgardern ein Symbol der Liebe und Loyalität. Für in der Natur lebende Chocobos bedeutet ein rotes Federkleid, dass sich bald eine Schar Jäger blicken lässt.","Nanu?! Was macht denn dieser
süße Chocoboige hier?
<Emphasis>Diluxio</Emphasis>"
53,"Rufe eine Sanuwa herbei, die von dem Händler Luna Vanu mit viel Hingabe trainiert worden ist.","Luna Vanu hängt sehr an seiner Sanuwa, die er mit viel Liebe und Hingabe trainiert hat. Er hatte sich geschworen, sie nur an einen würdigen Helden zu verkaufen, der auf ihr wie ein Sturmwind durch die Lüfte rasen sollte.","Sanuwa wird Na-Vanu-eeh tragen
geschwind wie Sausewind.
<Emphasis>Luna Vanu</Emphasis>"
54,"Rufe deinen Greifen herbei. Halb Adler, halb Löwe, aber ganz schön wild.","Die auf den unerklimmbaren Gipfeln von Abalathias Rückgrat nestenden Greifen dienten einst den un<SoftHyphen/>er<SoftHyphen/>schro<SoftHyphen/>cke<SoftHyphen/>nen Soldaten Ala Mhigos als kampfwütige Reittiere.","So hoch wie nie jemand zuvor!
<Emphasis>Slogan der Highwind-Fluggesellschaft</Emphasis>"
55,"Rufe deinen Manaschnitter herbei, das einsitzige Luftschiff der Gar<SoftHyphen/>lond-Me<SoftHyphen/>tall<SoftHyphen/>wer<SoftHyphen/>ke.","Dieser Einsitzer ist eine Gemeinschaftsarbeit der Chef-Ingenieure Biggs und Wedge und trägt den ersten Motor auf Basis denaturierter Kristalle unter der Haube.","Mit unserer neuesten Erfindung haben
wir uns mal wieder selbst übertroffen!
<Emphasis>Wedge</Emphasis>"
56,"Rufe deinen Kriegspanther herbei. Dieser lautlose Killer ist darauf abgerichtet, alles und jeden zu zerfleischen - außer dich, versteht sich.","Die schwarzen Raubkatzen sind wesentlich schwieriger abzurichten als ihre nahen Verwandten, die Coeurl, doch verschaffen ihre angeborenen magischen Fähigkeiten dem Reiter einen erheblichen kämpferischen Vorteil.","Ein Jäger ohne Krallen ist nichts weiter als wehrlose Beute.
<Emphasis>Pawah Mujuuk</Emphasis>"
57,"","",""
58,"Rufe deinen Stampfer herbei, eine dampfbetriebene Kriegsmaschine der berüchtigten Indigohand.","Dieses Modell ist wesentlich zuverlässiger als die ersten Prototypen, die häufig außer Kontrolle gerieten und dabei ganze Werkstätten verwüsteten.","Macht Vielebumm. Muzzu gucken!
<Emphasis>Unbekannter Goblin-Tüftler</Emphasis>"
59,"Rufe Twintania herbei, ein legendärer Wyvern, der insgeheim davon träumt, frei zu sein ... und dich zu verschlingen.","Dank einer allagischen Gedankenfessel ist dir dieser uralte Wyvern aus dem südlichen Kontinent Meracydia ein treuer Diener - solange die Gedankenfessel hält.","Da sind Wyvern. Überall Wyvern.
<Emphasis>Vath-Drohne</Emphasis>"
60,"","",""
61,"","",""
62,"Rufe den Hexenbesen herbei, um durch die Lüfte zu fegen.","Der große Kürbiskopf soll dem einst gewöhnlichen Haushaltsbesen Zauberkräfte verliehen haben. Obwohl er das Fliegen bevorzugt, ist er sich dennoch nicht zu schade dafür, schmutzige Böden zu fegen.","Die Besen, sie fegen und sie sprechen und sind sehr fleißig, ja.
<Emphasis>Toro Roggo</Emphasis>"
63,"","",""
64,"","",""
65,"","",""
66,"","",""
67,"Rufe einen Pegasus herbei, ein sagenumwobenes Pferdewesen, dessen Existenz lange Zeit angezweifelt wurde.","Über viele Jahrhunderte hinweg galten Pegasus als Fabelwesen, doch seit zahlreiche Luftschiffe jeden Winkel des Wolkenmeeres erforschen, werden ab und zu einzelne Exemplare gesichtet. Es gibt sogar Gerüchte, in Not geratene
Luftpiraten wären von
Pegasus gerettet worden.","Ich will aber einen Pegasus
zum Geburtstag!
<Emphasis>Mädchen aus Ishgard</Emphasis>"
68,"Rufe die Magitek-Kampfmaschine vom Typ „Weißer Teufel“ herbei, die eigens für Livia sas Junius entwickelt und gebaut worden ist.","Die Magitek-Kampfmaschine vom Typ „Weißer Teufel“ wurde speziell für Livia sas Junius, Tribunus der XIV. Legion des Garleischen Kaiserreichs, gebaut. Die Effektivität ihres Lieblings hat die Hexe von Dalmasca eindrucksvoll bei der Eroberung der nördlichen Territorien Ilsabards unter
Beweis gestellt.","Die Hexe von Dalmasca
bringt Tod und Zerstörung!
<Emphasis>Kriegsflüchtling</Emphasis>"
69,"Rufe die Magitek-Kampfmaschine vom Typ „Roter Baron“ herbei, die eigens für Nero tol Scaeva entwickelt und gebaut worden ist.","Die Magitek-Kampfmaschine vom Typ „Roter Baron“ wurde speziell für Nero tol Scaeva, Tribunus der XIV. Legion des Garleischen Kaiserreichs, gebaut. Als versierter Maschinist hat Nero persönlich an der Optimierung des Erdseim-Antriebs mitgewirkt und im laufenden Betrieb ständig die
Mechanik verbessert.","Dieser mechanische Koloss
ist ein Wunderwerk der Technik!
<Emphasis>Cid</Emphasis>"
70,"Rufe einen Wyvern herbei, der dir treu ergeben ist und mit dir zusammen Monster jagen möchte.","Vor vielen Jahren schloss dieser Wyvern einen Pakt mit einem Ritter und diente ihm als treues Reittier bei der Jagd auf Monster. Der Ritter ist lange verstorben, doch der Wyvern hält seinen Schwur und widersteht dem Ruf seiner Artgenossen,
im Drachenkrieg gegen
Ishgard zu kämpfen.","Trau keinem Wyvern!
<Emphasis>Saintrelmaux</Emphasis>"
71,"Rufe die SKD-Fenrir herbei, ein zweirädriges Kampfgefährt, das wirkt, als stamme es aus einer weit entfernten Welt.","Der Name dieses gepanzerten Kampfgefährts kommt nicht von ungefähr. Schon im unteren Drehzahlbereich faucht der Motor wie ein waschechter Drache. Die Abkürzung SKD steht übrigens für „Strife Kurierdienst“.","Unglück ist keine Ausrede
für eine verpasste Lieferung!
<Emphasis>Hildeyard</Emphasis>"
72,"Rufe einen Kongamato herbei, der von einem Vath-Krämer großgezogen wurde. Ein Muschelpuster ist aus Sicherheitsgründen nicht montiert.","Kongamato-Weibchen legen ihre Eier an Flusssäumen ab, und die geschlüpften Larven verbringen ihren ersten Lebensabschnitt überwiegend im Wasser. Erst mit einsetzender Geschlechtsreife öffnen sie ihre Flügel und erheben sich in die Lüfte.","Du willst den Kongamato besteigen?
Sei ohne Furcht. Das zornige Schnauben
bedeutet nicht, dass er dich nicht mag.
<Emphasis>Flohflüsterer</Emphasis>"
73,"Rufe einen Montisaurus herbei. Seine schweren Schwingen haben ihn aus dem Nahen Osten hierher getragen.","Dieser gewaltige Vogel fängt seine Beute mit einem sägeartigen Schnabel und tötet sie mit schnellen, ruckhaften Bewegungen seines Halses, bevor er sie in einem Stück verschlingt.","Die Montisaurier werden immer trauriger.
<Emphasis>Sigan</Emphasis>"
74,"Rufe einen legendären Bennu herbei.","Dieser Vogel trank vom Äther, der dem unsterblichen Phönix entstieg, als er während der sechsten Katastrophe über Carteneau gesichtet wurde. Von vielen wird er als heilig verehrt, und sein Name bedeutet „glänzendes Flügelwesen in blendendem Glanz“.","Ich wurde zur Verkörperung des Phönix,
des uralten Symbols der Auferstehung.
<Emphasis>Louisoix Leveilleur</Emphasis>"
75,"Rufe den Weißlanner herbei. Er steht unter dem Schutz von Bismarck selbst und herrscht über die Lüfte.","Dieser Vogel steht unter Bismarcks persönlichem Schutz und ist in wirbelnde Wolken gehüllt. Mutige Krieger der Vanu Vanu, die auf eine Audienz beim Herrscher der Wolken hoffen, sitzen auf sie auf und lassen sich einem ungewissen Schicksal entgegentragen.","In der Legende ist Bismarck also ein guter Gott,
der das Wolkenmeer frei von Krieg und Streit
geschaffen hat?
<Emphasis>Alphinaud</Emphasis>"
76,"Rufe den Rotlanner herbei. Er steht unter dem Schutz von Ravana selbst und durchschneidet die Luft wie die Chandraha-Klingen.","Diese Vögel stehen unter Ravanas persönlichem Schutz und ihre bloße Anwesenheit kann auch hartgesottenen Kriegern das Blut in den Adern gefrieren lassen. Ihre Schwingen durchschneiden die Luft wie die mächtigen Chandraha-Klingen des Herrn des Krieges.","Oh, großer Eroberer! Die Kolonie benötigt
deinen göttlichen Beistand!
<Emphasis>Gnath-Priester</Emphasis>"
77,"Rufe den Rundlanner herbei. Er steht unter dem Schutz von König Thordan selbst und dient ergeben seinen Rittern.","Diese Vögel, die unter dem Schutz von König Thordan stehen, sind würdevolle Geschöpfe. Ishgards Ritter, die sich in Falkenhorst und anderswo der Falknerei widmeten, machten sich vor langer Zeit auch diese scharfsichtigen Flugtiere zu nutze.","Für König Thordan!
<Emphasis>Zephirin</Emphasis>"
78,"Rufe den Kriegslanner herbei. Er steht unter dem Schutz von Sephirot selbst und trägt den Samen der Eiche in sich, die als Sternenbild am Firmament prangt.","Diese Vögel stehen unter Sephirots Schutz und sind in eine majestätische Aura gehüllt. Uralte Legenden besagen, dass die Baumwesen, die einst Meracydia bevölkerten, die Saat der Himmelseiche über die Meere trugen und die prächtigen Wälder Eorzeas pflanzten.","Nophica, die Göttin der Erde, pflanzte die Eiche;
Althyk, der Gott der Zeit, ließ sie gedeihen;
nun glüht sie in alle Zeiten überdauernder Kraft
hoch am Nachthimmel.
<Emphasis>Mace</Emphasis>"
79,"","",""
80,"Rufe ein schnittiges Luftschiff der Gloria-Klasse herbei. Dieser Einsitzer macht bei Männern und Frauen gleichermaßen Eindruck.","Tataramu ließ sich in einem Traum von seinem Großvater Tatanora zum Bau dieser verkleinerten Ausführung eines Luftschiffs inspirieren. Seinen Namen hat es von einer Gestalt aus einer der weniger bekannten Legenden des Landes.","Nanu? Ein Luftschiff ...?
<Emphasis>Tataramu</Emphasis>"
81,"Rufe den fliegenden Kumulus herbei. Es ist nicht genau überliefert, ob der Erschaffer ein Junge mit einem Affenschwanz war oder ein Affe mit einem Jungengesicht.","Ein mächtiger Zaubergelehrter, der zurückgezogen in den Bergen von Doma lebte, erschuf diese magische Wolke, indem er viele kleine Wolken miteinander verknüpfte.","Freust du dich nicht auch auf den
Valentiontag? Er hüllt die gaaanze Welt
in eine rosarote Wolke des Glücks und
der Liiiebe!
<Emphasis>Lisette von Valention</Emphasis>"
82,"Rufe einen Original-Chocomoppel herbei. Nur echt mit 52 Zähnen.","Der Original-Chocomoppel stellt in Sachen Gefräßigkeit sogar noch seinen Namensvetter in den Schatten. Sein weißes Federkleid gibt ihn als Chocobo der ersten Stunde zu erkennen, doch trägt es häufig Spuren der letzten Mahlzeiten.","Wie?! Das ist nicht das Original? Aber er
sieht absolut identisch aus.
<Emphasis>Severian</Emphasis>"
83,"Rufe Astrope herbei, einen seltenen Pegasus, der so groß und stark ist, dass zwei Personen auf ihm reiten können.","Astrope ist ein altehrwürdiger und besonders großer Pegasus, auf dem bequem zwei Reiter Platz finden. Lass dich von seiner Anmut nicht täuschen! Er ist ein gefährliches Wildtier, dem man sich nicht leichtfertig näher sollte. Man sagt, nur wer ein reines Herz hat, dem öffnet Astrope das
seine.","Papa, ich will auch so einen Pegasus
für mich und meine Freundin!
<Emphasis>Mädchen aus Ishgard</Emphasis>"
84,"Rufe einen Moppel-Mogry herbei, der so kupomäßig groß ist, dass sogar zwei Personen auf ihm reiten können. In der Luft hält sich der dicke Mops nur mithilfe von Magie.","Der Moppel-Mogry hat sich immer fleißig den Bauch vollgeschlagen, sodass er groß und stark geworden ist, und sehr, sehr dick! Erstaunlich, dass er überhaupt noch fliegen kann, geschweige denn mit zwei Reitern auf seinem Rücken. Da muss Magie
im Spiel sein!","Wenn du groß und stark werden willst,
musst du gaaanz viele Kupo-Nüsse essen, kupo!
<Emphasis>Mogek Schlaubommel</Emphasis>"
85,"","",""
86,"Rufe einen Bommelin herbei, der aus Bommelblumen besteht, wahnsinnig flauschig ist und sanft durch die Wolken gleitet. Gesteuert wird er durch Mogry-Magie.","In den Wallenden Nebeln wachsen flauschige Bommelblumen, die von den Mogrys durch Magie in Fluggeräte verwandelt werden. Die Bommelwatte der Bommelin macht müde Mogrys munter!","Klar, der Bommelin ist kupo-bequem, aber du solltest nicht mitten im Flug einschlafen!
<Emphasis>Flausch-Mogry</Emphasis>"
87,"Rufe eine schwebende Gondel herbei, die dem Yo-kai Whisper nachempfunden ist und die dich wie ein Reittier über Stock und Stein tragen wird.","Der fahrende Geschäftsmann war so beeindruckt von der prächtigen Innenausstattung des Gold Saucers, dass er den verantwortlichen Innenausstatter anheuerte, um ihm ein großspuriges Gefährt zu entwerfen, das seinem Status gerecht ist.","Vorwärts, kha! Machen wir Kleinholz aus ihrem billigen Schiff!
<Emphasis>Ixal-Häuptling</Emphasis>"
88,"","",""
89,"","",""
90,"Rufe einen Düsterlanner herbei, ein riesiger Falke, der Nidhoggs dunkle Magie in sich aufgenommen hat. Lass dich auf seinen düsteren Schwingen durch die Luft tragen.","Der Düsterlanner ist von Nidhoggs dunkler Magie verdorben, die ihm gewaltige Macht verleiht. Seine imposante Gestalt kann aus der Ferne leicht mit einem Hohen Drachen verwechselt werden. Manch einer hat schon panisch die Flucht ergriffen, weil er glaubte, Nidhogg persönlich
zu sehen.","Flieht, ihr Narren!
Der schwarze Drache kommt über uns!
<Emphasis>Ängstlicher Bauer</Emphasis>"
91,"Rufe ein aerodynamisches System herbei, eine technische Errungenschaft der Allager, die sich gut als Fortbewegungsmittel eignet.","Im östlichen Tiefland von Coerthas wurde eine Maschine ausgegraben, die von den alten Allagern zu Verteidigungszwecken erbaut wurde. Ihre Waffen- systeme sind defekt, aber sie eignet sich noch als Fortbewegungsmittel. Dass sie beharrlich nach einer Inspektion verlangt, damit
lässt sich leben.","Inspektion fällig.
Umgehend Servicetechniker kontaktieren!
<Emphasis>Aerodynamisches System</Emphasis>"
92,"Rufe einen geflügelten Steinkopf herbei. Sitzkissen muss separat erworben werden.","E-Una-Kotor schlug dieses geflügelte Monstrum aus Mauersteinen, die aus dem Palast der Toten geborgen wurden, um ein besseres Verständnis für die Wächtergolems von Amdapor zu gewinnen. Nach wessen Antlitz er den Kopf schuf, ist ein unaussprechliches Geheimnis.","Kopf hoch, Leute! Ist doch halb so wild.
<Emphasis>Wedge</Emphasis>"
93,"Rufe Managarm, den Mondhund, herbei, eine uralte Bestie, die versteckt in den Tiefen von Abalathias Rückgrat haust.","Eine uralte Bestie, die eigentlich als ausgestorben galt. Einer abalathischen Legende zufolge folgt sie dem Mond und verschlingt das Sonnenlicht. Unbestreitbar stark ist ihre magische Kraft: Sie erschafft Feuer und fliegt frei durch die Lüfte.","Blitzattacke! Wir müssen die feindliche Linie durchbrechen!
<Emphasis>K'lyhia</Emphasis>"
94,"Rufe eine Spezialausfertigung einer schwebenden Gondel herbei, die dem Yo-kai Whisper nachempfunden ist und die dich wie ein Reittier über Stock und Stein tragen wird.","Der fahrende Geschäftsmann bat den Innenausstatter des Gold Saucers ein weiteres Mal, ein auffälliges Gefährt zu entwerfen, und gab ihm die spezielle Anweisung, alle vorhergehenden Bemühungen noch zu übertreffen.","Ich hoffe, Ihr habt Euch für diesen Schrott nicht von zu vielen Münzen trennen müssen!
<Emphasis>Syntgoth</Emphasis>"
95,"Rufe Goten herbei, ein künstlich geschaffenes Reittier, das aus dem Skelett eines toten Pferdes und einer goldenen Rüstung besteht. Sein Name bedeutet angeblich „Ruf des Himmels“.","Die goldene Rüstung verbirgt weitgehend den Blick auf das Skelett in seinem Inneren. Der Legende nach kann Goten nur von großen Helden gerufen werden, die sich in einem Kampf auf Leben und Tod bewiesen haben.","Selten tritt der Tod so schön in Erscheinung.
<Emphasis>Urianger</Emphasis>"
96,"Rufe Ginga herbei, ein künstlich geschaffenes Reittier, das aus dem Skelett eines toten Pferdes und einer silbernen Rüstung besteht.","Die silberne Rüstung verbirgt weitgehend den Blick auf das Skelett in seinem Inneren. Der Legende nach kann Ginga nur von großen Helden gerufen werden, die sich in einem Kampf auf Leben und Tod bewiesen haben.","Du bist anmutig, tapfer und schön!
Ganz so, wie ein Pferd zu sein hat.
<Emphasis>Pferdeleutnant</Emphasis>"
97,"Rufe einen mystischen Panda herbei. Aus Doma. Von vor tausend Jahren.","Diese tausend Jahre alte Kreatur (geschätzt) besitzt unerklärlicherweise die Fähigkeit zu schweben. Sie schwebte von den höchsten Berggipfeln auf dem Kontinent Othard herab, um einen Held zu finden, der Doma aus den Klauen der Garlear befreit.","Waren mal tolle Jagdgründe hier ...
Bis die Bären kamen.
<Emphasis>Fiederhag-Jäger</Emphasis>"
98,"Rufe den Sophia-Lanner herbei. Ein goldenes Licht umhüllt diesen erhabenen Falken, der den Segen Sophias empfing. ","Der Legende zufolge lässt er ein Gewichtsstück der Harmonie auf Sophias Waage fallen, wann immer das Gleichgewicht der Welt in Gefahr ist. Es heißt, beim Auftreffen des Gewichts werde ein neuer Held geboren.","„Endgültige Gerechtigkeit erfahren wir weder im Licht noch in der Dunkelheit. Gerecht ist alles, was uns vor dem Untergang bewahrt.„
<Emphasis>Kapitel 3: Sophia</Emphasis>"
99,"Rufe einen Sternenlicht-Bären herbei. Er beherrscht ein tolles Kunststück passend zum Sternenlicht-Fest.","Der Bär wurde von dem Komiteemitglied Baenfaeld für das Sternenlichtfest dressiert. Als Kunststück kann er Sternenknaller werfen, ursprünglich um damit den Kindern eine Freude zu bereiten, doch gegen die diebischen Baumschrate hat es sich als wirkungsvolle Kampftechnik erwiesen.","Roooah!"
100,"Rufe einen schwarzen Pegasus herbei. Im Volksmund wird er auch „schwarzes Todespferd“ genannt.","Ein äußerst seltenes geflügeltes Pferd ganz in Schwarz. Augenzeugen sollen eines in Azys Lla gesichtet haben. Nur wer über genügend Kraft verfügt, kann es besteigen. Schwingt sich eine schwache Person auf seinen Rücken, verklumpt ihr Blut und sie stirbt unverzüglich.","„Mein Blut, es fließt nicht mehr ... <röchel>„
<Emphasis>Unbekannter Narr</Emphasis>"
101,"Rufe Arrhidaios herbei, eine aus dem Innern Alexanders stammende Vernichtungsmaschine.","Ursprünglich mit der Absicht erschaffen, zeitmanipulative Angriffe zu tätigen, wurde es gründlich umprogrammiert, um nun als harmloses Luftfahrtvehikel zivilen Zwecken zu dienen.","Chef, <Emphasis>die</Emphasis> Zeitbombe wurde entschärft.„
<Emphasis>Wedge</Emphasis>"
102,"Rufe Raigo herbei, ein magisches Pferd, das nur die stärksten Helden, die zahllose Schlachten geschlagen haben, auf seinen Rücken lässt.","Raigo ist noch größer und wilder als seine ohnehin schon beeindruckenden Artverwandten Goten und Ginga. Er lässt niemanden auf sich reiten, der kein Blut an seinen Händen hat und somit unwürdig ist.","Sei wie das Pferd, frei von Zweifel und Hintergedanken!
<Emphasis>Schwarzer Pferdeleutnant</Emphasis>"
103,"Rufe die Magitek-Kampfmaschine vom Typ „Roter Baron“ herbei, die eigens für Nero tol Scaeva entwickelt und gebaut worden ist.","Die Magitek-Kampfmaschine vom Typ „Roter Baron“ wurde speziell für Nero tol Scaeva, Tribunus der XIV. Legion des Garleischen Kaiserreichs, gebaut. Als versierter Maschinist hat Nero persönlich an der Optimierung des Erdseim-Antriebs mitgewirkt und im laufenden Betrieb ständig die
Mechanik verbessert.","Dieser mechanische Koloss
ist ein Wunderwerk der Technik!
<Emphasis>Cid</Emphasis>"
104,"Rufe einen Dämonen-Lanner herbei. Er steht unter dem Schutz des grimmigen Gottes und ist der Vorbote vollstreckter Gerechtigkeit.","Diese Vögel stehen unter Zurvans Schutz. Uralten Legenden vom südlichen Kontinent Meracydia zufolge, schickt der grimmige Gott sie seinen Feinden als Vorboten des nahenden Urteils, das er selbst wenig später vollstreckt.","Ich ertrage den durchdringenden Blick dieses höllischen Vogels nicht länger!
<Emphasis>Ängstlicher Abenteurer</Emphasis>"
105,"Rufe einen Feuervogel herbei. Das legendäre Fabelwesen lässt sich mit einer Pfeife aus dem Fernen Osten herbeirufen.","Die Legenden aus dem Fernen Osten besagen, dass die Lebenskraft in diesem Fabelwesen heiß wie Feuer brennt, und dass er im Tode von seinen eigenen Flammen verzehrt wird, worauf er aus der eigenen Asche wieder neu ersteht. Es heißt, er erkenne nur einen wahren Helden als
seinen Herrn an.","Von solch einem Vogel habe ich immer geträumt.
<Emphasis>Grimold</Emphasis>"
106,"Rufe ein Wundereisystem herbei. Ein komisches Wunderei, das fliegen kann.","Ein Nachbau des Wundereies, das Jihli Aliapoh im Traum erschien. Nonotta hat es geschaffen, um die Wundereiersuche zu einem erfolgreichen Abschluss zu führen. Es handelt sich wohl um ein umgebautes Relikt einer von der Sankt
Coinach-Stiftung ent-
deckten, uralten Kultur.","Warum bloß schlürfen die Qiqirn so gerne Eier?
<Emphasis>Ba Go</Emphasis>"
107,"","",""
108,"Rufe einen Höllenhund-Einzelgänger herbei. Dieses grausame Monster stammt aus dem Nichts. Es meidet Kontakt zu anderen seiner Art.","Dieses Wesen hat es geschafft, auf sich allein gestellt im Nichts zu überleben, ohne sich den Gefahren zu beugen, die wir als Nichts<SoftHyphen/>gesand<SoftHyphen/>te fürchten. Es akzeptiert nur jene auf seinem Rücken, die sich in unzähligen Schlachten bewiesen haben.","Auf eigene Faust handeln ist viel zu gefährlich.
Ich verbiete dir hiermit, alleine zu helfen, kupo!
<Emphasis>Mogloo</Emphasis>"
109,"Rufe ein Höllenhund-Alphatier herbei. Dieses grausame Monster stammt aus dem Nichts. Es führt ein Rudel anderer Höllenhunde an.","Dieses Wesen strahlt eine Aura des Schreckens aus, die es ihm ermöglicht, selbst im Nichts anderen seinen Willen aufzuzwingen. Es akzeptiert nur jene auf seinem Rücken, bei denen es eine Mordlust spürt, die seiner eigenen ebenbürtig ist.","Hunderttausend heulende Höllenhunde!
<Emphasis>Rostnsthal</Emphasis>"
110,"Rufe einen Exegeten-Thron herbei. Ob dich das zum Herrscher der Exegeten macht?","Angeblich soll dieser Stuhl Louisoix Leveilleur gehört haben, aber ehemalige Bewohner von Sharlayan haben bezeugt, dass es sich um ein verzaubertes Möbelstück aus der Großen Gubal-Bibliothek handelt,
um leichter an die Bücher in den
hohen Regalen
zu gelangen.","Da, bitte, nimm doch Platz!
<Emphasis> Baderon</Emphasis>"
111,"Rufe Syldra herbei. Sie würde dich jederzeit wieder retten.","Längst vergessene Legenden berichten von einem Seedrachen, der mit einer Piratin befreundet war und ihr Schiff über die Meere zog. Dieser Begleiter hat nicht die gleiche Kraft, aber was nicht ist, kann ja noch werden.","Ich sagte, lasst mich los! Syldra!!!
<Emphasis>Faris</Emphasis>"
112,"Rufe den <Emphasis>Falken</Emphasis> herbei, das (inoffiziell) schnellste einsitzige Luftschiff von ganz Eorzea.","Wedge von den Gar<SoftHyphen/>lond-Me<SoftHyphen/>tall<SoftHyphen/>wer<SoftHyphen/>ken begann die Konstruktion am <Emphasis>Falken</Emphasis> als Hobbyprojekt. Nachdem er sämtliche Ge<SoftHyphen/>schwindig<SoftHyphen/>keitsrekorde brach, kam es bei dem Versuch, die maximale Flughöhe auszuloten, zu einem tragischen Unfall. Seitdem lässt der Konstrukteur etwas mehr
Bescheidenheit walten.","Ich hab's dir doch gesagt. Es ist das schnellste Luftschiff der Welt.
<Emphasis>Setzer Gabbiani</Emphasis>"
113,"Rufe einen Feenhund-Einzelgänger herbei. Dieses grausame Monster stammt aus dem Nichts. Es meidet Kontakt zu anderen seiner Art.","Dieses Wesen stammt aus dem Nichts und sein silbern glänzendes Fell ist oft mit dem Blut seiner Opfer besudelt, was ihm ein wahrhaft gespenstisches Aussehen verleiht. Es durchstreift die Welt wie ein einsamer Wolf und duldet nur jene auf seinem Rücken, die eine flammende
Kampfeslust versprühen.","Graouuuh!"
114,"Rufe ein Feenhund-Alphatier herbei. Dieses grausame Monster stammt aus dem Nichts. Es führt ein Rudel anderer Feenhunde an.","Dieses Wesen stammt aus dem Nichts und fällt durch die dunklen Schattierungen auf seinem silbern glänzenden Fell auf, die es wahrhaft unheilvoll wirken lassen. Dieses Exemplar hat sich lange als Anführer eines Rudels durchgebissen und lässt nur kampferprobte Recken auf
seinen Rücken.","Grrr ... Grrr ..."
115,"Rufe deinen gepflegten Kamuy herbei. Der gesegnete Wolf setzt sich mühelos über die Gesetze der Schwerkraft hinweg.","Der einst gewöhnliche Wolf, den die Ananta ihrem Primae Lakshmi opfern wollten, wurde von der Gottheit mit besonderen Kräften ausgestattet.","Du bist schon ganz begeistert, dem Rudel
zu zeigen, wer hier das Alphatier ist?
<Emphasis>Berkoeya</Emphasis>"
116,"Rufe deinen verspielten Kamuy herbei. Der gesegnete Wolf setzt sich mühelos über die Gesetze der Schwerkraft hinweg.","Der einst gewöhnliche Wolf, der dem Primae Susano geopfert werden sollte, wurde von der Gottheit mit besonderen Kräften ausgestattet.","Mein Magen knurrt wie ein
 Rudel Wölfe bei Vollmond!
<Emphasis>Gegeruju</Emphasis>"
117,"","",""
118,"","",""
119,"","",""
120,"","",""
121,"Rufe deinen Magitek-Prädator herbei und stampf drauf los.","Die Prädator-Kampf<SoftHyphen/>maschinen sind eine Fortentwicklung der Schlitzer-Serie. Die verbesserte Feuerkraft hat einen Verlust an Beweglichkeit zum Preis. Dieses Modell hat keine Waffen, dafür einen
experimentellen Antrieb
mit hohem Verpuffungs-
durchlauf.","Knatter, knatter, knatter ..."
122,"Rufe deinen vollgepanzerten Kampflöwen herbei, der dich mit kraftvollem Brüllen in den Kampf trägt!","Kampflöwen waren die bevorzugten Reittiere der uld'hischen Palastwache und ihre die Wüstensonne gleißend hell reflektierende Rüstung ihr gefürchtetes Markenzeichen. Heute werden Tierführer aus Thavnair angeworben, um die Tradition wiederzubeleben.","Polieren! Poliert die Rüstung, bis sie
hell wie die Sonne strahlt!
<Emphasis>Palastwachen-Gardist Aubelet</Emphasis>"
123,"Rufe deinen vollgepanzerten Kampfbären herbei, der dich mit donnernden Schritten in den Kampf trägt!","Die Bären in Abalathias Rückgrat sind nicht für ihre Neigung bekannt, als Reittiere zu dienen. Das dieses Exemplar sich dennoch dazu überreden ließ, muss an deinem unwiderstehlichen Charme liegen.","Bauch von Muna Vanu-ooh wird vor Vorfreude
knurren wie Bär in Höhle.
<Emphasis>Luna Vanu</Emphasis>"
124,"Rufe deinen vollgepanzerten Kampfpanther herbei, der dich mit wehenden Maulbarteln in den Kampf trägt!","Nichts schmückt einen Helden der Dunkelheit mehr als ein Panther an seiner Seite. Der unzähmbare Überlebensinstinkt, die blutdürstige Kehle, das lichtschluckende Fell - dieses Tier ist eine
pechschwarze Killermaschine.","Miau, miau ♪
<Emphasis>Schwarze Katze</Emphasis>"
125,"Rufe deinen Yol herbei. Die Raubvögel gestatten nur echten Kriegern der Xaela, auf ihnen zu reiten.","Wie Blitze stürzen die Yol auf die Krieger herab, die sich einreden, keine Angst vor den Raubvögeln zu haben. Wer Bardams Probe bestanden hat, den tragen die Yol auf ihrem Rücken empor - die anderen in ihren messerscharfen Krallen.","I-Ich habe keine Angst. Von einem Yol
bin ich noch nie heruntergeflogen!
<Emphasis>Heißblütiger Mol-Krieger</Emphasis>"
126,"Rufe Alte Roite, den legendären Drachen, herbei!","Eine von Omega erschaffene, künstliche Lebensform. Die Herkunft des Namens ist nicht eindeutig geklärt, doch in uralten Heldenerzählungen finden sich Hinweise auf einen alten Magier, der sich in einen Drachen verwandeln konnte und Omega als Inspiration gedient haben könnte.","Dass alte Leute immer so
peinlich sein müssen<Indent/>...
<Emphasis>Oboro</Emphasis>"
127,"Rufe deinen Centurio-Tiger herbei und gehe für den Clan auf Jagd!","In einem seltenen Anflug von Mitleid brachte ein Jäger des Clans Centurio den Welpen eines Rang S-Ziels mit von der Hochwildjagd. Für seine milde Tat wurde er aus dem Clan ausgeschlossen, doch
auch die anderen Mitglieder brachten
es nicht über das Herz,
das Tigerjunge zu töten.","Ob ich 'ne frohe Magd kenne ...?
Na klar, aber die werd ich dir nicht ...
Ach, Hohe Jagd!
<Emphasis>Ardolain</Emphasis>"
128,"","",""
129,"","",""
130,"Rufe Ixion herbei, Rhalgrs mächtiges Streitross!","Schneller als Blitz und Donner prescht Ixion über das Hochland von Gyr Abania. Altertümliche Texte aus Mhach legen nahe, dass das Tier mechanisch verstärkt wurde - was die aus seinen Augen schießenden
Lichtstrahlen erklären
könnte.","Jetzt hakt's aber! Chocobos sind viel hübscher als Pferde!
<Emphasis>Chefin der Chocobo-Transportgewerkschaft</Emphasis>"
131,"","",""
132,"","",""
133,"Rufe deinen legendären Kamuy herbei. Der gesegnete Wolf setzt sich mühelos über die Gesetze der Schwerkraft hinweg.","Ein einst gewöhnlicher Wolf, der vermutlich im Dienst der mhigischen Be<SoftHyphen/>freiungs<SoftHyphen/>armee stand und bei dem Kampf gegen Shinryu in dessen Licht gebadet und mit besonderen Kräften ausgestattet wurde.","Ooh! Meine Vorzeigewölfe!
<Emphasis>Windiger Gaukler</Emphasis>"
134,"","",""
135,"Rufe deinen Feuerwind herbei, ein göttliches Gefährt, das Wind und Feuer speit.","Ein göttliches Gefährt aus den Legenden Yanxias. Gefertigt aus zwei Rädern, soll der Feuerwind einen großen Helden durch die Lüfte getragen haben. Und obwohl er sengendes Feuer speit, kam dabei auf wundersame Weise niemand zu Schaden.","Ein gewöhnlicher Puk, eigentlich nicht mehr als
eine geflügelte Echse, wird dann schon mal zu einem
Feuer speienden, Knaben verschlingenden Drachen.
<Emphasis>Alberic</Emphasis>"
136,"Rufe deinen Streifenrochen herbei. Er stammt aus der Rubinsee und wurde vom Rochenflüsterer der Kojin persönlich abgerichtet.","Dieser Streifenrochen wurde vom Rochenflüsterer der Kojin höchstselbst abgerichtet und ist die Gelassenheit in Person. Sein flacher Körper übernimmt eine ähnliche Funktion wie die Äthertragflächen von Luftschiffen, wodurch er schwerelos gleiten kann.","Die jungen Rochen sind noch etwas schüchtern. Wir sollten ihnen ein bisschen Mut<Indent/>...... machen.
<Emphasis>Zukin</Emphasis>"
137,"","",""
138,"Rufe dein Aquamarin-Karfunkel herbei, geboren aus einem Äthergramm erfüllt von der Kraft eines Aquamarins.","Ein magisches Reittier, das von dem selbst<SoftHyphen/>er<SoftHyphen/>nann<SoftHyphen/>ten Hermetikergenie Ulan auf Grundlage ihres bei der Züchtung des Riesenkarfunkels Diama gewonnenen Wissens geschaffen wurde. Dank des mit Aquamarinkörnern gefüllten Kerns kann es auch von Nicht-Hermetikern beschworen werden.","Fiep, fiep!
<Emphasis>Karfunkel</Emphasis>"
139,"Rufe dein Citrin-Karfunkel herbei, geboren aus einem Äthergramm erfüllt von der Kraft eines Citrins.","Ein magisches Reittier, das von dem selbst<SoftHyphen/>er<SoftHyphen/>nann<SoftHyphen/>ten Hermetikergenie Ulan auf Grundlage ihres bei der Züchtung des Riesenkarfunkels Diama gewonnenen Wissens geschaffen wurde. Dank des mit Citrinkörnern gefüllten Kerns kann es auch von Nicht-Hermetikern beschworen werden.","Fiep, fiep!
<Emphasis>Karfunkel</Emphasis>"
140,"Rufe deinen fliegenden Sessel herbei, ein magisch behandeltes Möbelstück. Damit kommst du höher hinaus - wenn er nicht aus dem Leim geht.","Ein Sessel, der dank magischem Lack fliegen kann. Fliegst du schon oder sitzt du noch? Im schlichten zeitlosen Design, kostensparend zum selber Zusammenbauen. Inbusschlüssel und Nervenzusammenbrüche inklusive!","Wenn er rausbekommt, dass ich mir seinen lederbezogenen Bürosessel geliehen habe, bin ich geliefert!
<Emphasis>Cyr</Emphasis>"
141,"Rufe deinen Magitek-Rächer herbei, eine von den Goblins zu einem Reitgefährt umgebaute imperiale Kampfmaschine, die ursprünglich autark agierte.","Eine ursprünglich führerlose Kampfmaschine der Garlear, die von den Goblins zu einem Reitgefährt umgebaut wurde. Ob Hochtechnologie oder Schrotthaufen, vermag niemand mehr wirklich zu sagen.","Gute Arbeit! Jetzt haben wir unsere Magitek-Kampfmaschine!
<Emphasis>Cid Garlond</Emphasis>"
142,"Rufe deinen Koloss-Korpokkur herbei, der dank seiner Größe auch Roegadyn mit Leichtigkeit transportiert.","Ein riesiger Korpokkur. Die Hoffnung auf das große Geld brachte ihn zum Gold Saucer. Unterwegs trocknete er in der Sagolii-Wüste fast vollständig aus, trank sich danach aber zu seinen heutigen Dimensionen dick.","Damals ist Aura-Forschengruppe zu Thaliak kommen und hat Koloss in Fluss durchsuchen mit Schnüffelnase.
<Emphasis>Rückblix</Emphasis>"
143,"Rufe dein Feuerross herbei und wandle in den Hufstapfen des großen Geomanten und Kriegers Ganen.","Das Feuerross verdankt seinen Namen seiner feuerroten Mähne. In ganz Yanxia ist es als das treue Kriegsross des großen Ganen bekannt, der ihm mit einem geomantischen Trick das Fliegen beibrachte. Ob dieses Pferd wirklich einmal
Ganen gehörte oder
nicht, ist ungeklärt.","Alte Ver<SoftHyphen/>zweif<SoftHyphen/>lung reitet auf neuem Ross.
<Emphasis>Fahrender Sänger</Emphasis>"
144,"Rufe deinen glücklichen Kamuy herbei. Der von Byakko gesegnete Wolf setzt sich mühelos über die Gesetze der Schwerkraft hinweg.","Einst eine blutrünstige Bestie, die von dem Tierheiligen Byakko besänftigt und gesegnet wurde. Seither gebietet er über die Himmelswinde.","Wenn er dich anheult, gefriert das Blut in deinen Adern!
<Emphasis>X'rhun Tia</Emphasis>"
145,"Rufe deine Magitek-Todesklaue herbei. Aus dem Griff dieser unbemannten Kriegsmaschine gibt es kein Entkommen.","Diese Weiterentwicklung der antiken allagischen Magitek-Waffe „Eisenklaue“ wird von Spezialeinheiten der Garlear genutzt, um gesuchte Verbrecher oder Feinde lebend gefangen zu nehmen.","Ergreift sie!
<Emphasis>Garleischer Offizier</Emphasis>"
146,"Rufe deinen Mariden herbei, ausgebildet von den Ananta und mit einem magischen Teppich zum Fliegen ausgestattet.","Wer früher vorgab, einen fliegenden Mariden am Himmel gesehen zu haben, galt als verrückt, doch dann kamen die Ananta auf die Idee, magische Teppiche auf die Rücken ihrer Reittiere zu binden, mit denen sie fliegen können. Nun werden erst recht viele Leute für verrückt erklärt.","Flieg, Maride, flieg!
<Emphasis>Dakshina</Emphasis>"
147,"","",""
148,"Rufe deinen Urgreifen herbei, ein imposantes, geflügeltes Tier, das in Abalathias Rückgrat heimisch ist.","Niemand kennt sich besser mit den stolzen Greifen aus Abalathias Rückgrat aus als der Greifenführer Giff. Unter seiner einfühlsamen Anleitung entwickeln sie sich zu treuen Reitieren, die mit ihren kräftigen Flügeln Windstöße erzeugen können. Die Urgreife erkennt man an ihrem
strahlend weißen Fell.","Greifenfleisch soll ziemlich lecker schmecken, aber sag das lieber nicht laut, wenn einer in der Nähe steht.
<Emphasis>Papin</Emphasis>"
149,"","",""
150,"Rufe einen Tyrannosaurus herbei. Der furcht<SoftHyphen/>ein<SoftHyphen/>flößende Fleischfresser ist ein Relikt aus einer längst vergangenen Zeit.","Hochkonzentrierter Wind-Äther auf der Insel Val hat anscheinend dazu geführt, dass diese riesige Echse durch die Luft schweben kann. Sie folgt ihren räuberischen Instinkten. Nur ein willensstarker Reiter vermag es, den Tyrannen zu bändigen.","Mit Tyrannosauriern ist nicht zu spaßen!
<Emphasis>Sucher der Vath</Emphasis>"
151,"Rufe einen Regalia Typ-G herbei, ein flottes und elegantes Fahrzeug, das von den Gar<SoftHyphen/>lond-Me<SoftHyphen/>tall<SoftHyphen/>wer<SoftHyphen/>ken nach einer berühmten Vorlage hergestellt wurde.","Die Modellbezeichnung Typ-G kommt von den Gar<SoftHyphen/>lond-Me<SoftHyphen/>tall<SoftHyphen/>wer<SoftHyphen/>ken, denn Cid hat das Fahrzeug auf der Basis technischer Daten entwickelt, die er bei der Reparatur des Originalwagens von Noctis gesammelt hat. Er hat den Antrieb auf Erdseim-Kraftstoff umgestellt und einige weitere Verbesserungen vorgenommen.","Freie Fahrt für freie Abenteurer!
<Emphasis>Rasender Abenteurer</Emphasis>"
152,"Rufe dein gebrochenes Herz. Der magische, fliegende Sessel in der Form eines halben Valention-Herzen lässt die Herzen höher schlagen.","Lisette suchte nach einer neuen Verwendung für alte Herzstühle, auf denen sie sitzen geblieben war. Sie ließ die Stühle mit Pustewolken auspolstern, damit die Liebenden darauf abheben können.","Hört auf eure Herzen!
<Emphasis>Byakudan</Emphasis>"
153,"Rufe dein gebrochenes Herz. Der magische, fliegende Sessel in der Form eines halben Valention-Herzen lässt die Herzen höher schlagen.","Lisette suchte nach einer neuen Verwendung für alte Herzstühle, auf denen sie sitzen geblieben war. Sie ließ die Stühle mit Pustewolken auspolstern, damit die Liebenden darauf abheben können.","Die Herzen werden euch zufliegen!
<Emphasis>Byakudan</Emphasis>"
154,"Rufe Meister Typhon herbei, den schrecklichen Nichts<SoftHyphen/>gesand<SoftHyphen/>ten, der seltsamerweise im Gold Saucer angeheuert wurde.","Meister Typhon ist die Ausgeburt eines missglückten Versuchs der Thaumaturgengilde. Er ist nicht sehr gesprächig und recht schüchtern, aber seine Arbeit im Gold Saucer erledigt er mit großer Hingabe.","M-Meister Typhon ... Wie nett, dass Ihr gekommen seid, u-um mich anzufeuern.
<Emphasis>Orthrus</Emphasis>"
155,"","",""
156,"Rufe deine Luftwaffe herbei. Das tödliche Fluggerät wurde irgendwie aus Omegas Sigmametrie herausgeschmuggelt.","Diese seltsam geformte Kampfmaschine stammt aus Omegas Sigmametrie und wurde vermutlich von einer fremden Macht entwickelt, deren Ursprung ein Rätsel bleibt. Das vorne aufgemalte Haimaul deutet auf eine maritime Zivilisation hin.","Luftfahrttechnik als Waffe zu missbrauchen ist Häresie!
<Emphasis>Tataramu</Emphasis>"
157,"","",""
158,"Rufe deinen lunarischen Kamuy herbei. Der von Tsukuyomi gesegnete Wolf setzt sich mühelos über die Gesetze der Schwerkraft hinweg.","Dieser Wolf streifte durch die Ruinen eines verlassenen garleischen Stützpunktes, bis er mit dem Äther der Herrscherin der Nacht und des Mondes in Berührung kam.","Haben die denn keine Brillenputztücher aus Schneewolfmähne?
<Emphasis>Nashu</Emphasis>"
159,"Rufe deinen Dodo herbei. Hoffentlich nicht der Letzte seiner Art!","Jahrhunderte hielt man den Dodo im Fernen Osten für ausgestorben. Ausgerottet von Jägern, die es auf seine glänzenden Federn und schmackhafte Riesenomelettes abgesehen hatten. Seit der Entdeckung eines Nestes, hoch oben in der Himmelssäule, schöpfen alle
Naturfreunde Hoffnung.","Da brat mir doch einer 'nen Dodo!
<Emphasis>Weites Tal</Emphasis>"
160,"Rufe einen riesigen Wal aus indigoblauen Tiefen herbei, auf dem auch noch eine zweite Person Platz findet. Wenn das doch bloß auch mit Fischen klappen würde!","Herden dieses riesigen Säugers durchstreifen die Tiefen der Rubinsee tausende Malme weit auf der Suche nach Futter. Warum sie sich auf die See beschränken, obwohl sie ätherunterstützt fliegen können, ist ein Rätsel, das die Gelehrten bis heute beschäftigt.","Ich schätze, es steht nicht zur Debatte,
den inselfressenden Wal einfach Wal sein zu lassen?
<Emphasis>Cid</Emphasis>"
161,"Rufe deinen Rathalos, einen mächtigen Wyvern, aus seinem fernen Heimatland herbei. Wegen seiner urplötzlichen Luftattacken nennt man ihn auch den „König der Lüfte“.","Schon viele mutige Jäger haben sich dem feuerspeienden Wyvern entgegengestellt, nur um in ein qualmendes Aschehäufchen verwandelt zu werden.","Das ist das Gebrüll des Rathalos! Deckung!!!
<Emphasis>Felyne</Emphasis>"
162,"Rufe deinen Magitek-Transporter herbei, eine Weiterentwicklung allagischer Beförderungstechnologie.","Es liegt nicht in der garleischen Natur, Gutes bei Gutem zu belassen. Und so haben imperiale Magitek-Ingenieure die letzten zwanzig Sommer damit verbracht, die Kunst des Lufttransports zu perfektio-
nieren. Erstaunlicherweise fehlt dem
Magitek-Transporter eine Waffe.
Aber sicher nicht mehr lange ...","Ein Magitek-Kessel zum Wasserkochen, was?
Jetzt wundert mich gar nichts mehr.
<Emphasis>Nero</Emphasis>"
163,"Rufe deinen Proto-Transporter herbei, eine Weiterentwicklung allagischer Beförderungstechnologie.","Es liegt nicht in der garleischen Natur, Gutes bei Gutem zu belassen. Und so bauten die imperialen Magitek-Ingenieure schon bald einen neuen Magitek-Transporter - wobei sie konventionelle Exopanzerplatten durch <Emphasis>hochwertige</Emphasis> Exopanzerplatten ersetzten.","Brauche ich Vergleichsobjekt aus federloser Hand,
um zu verbessern Metallteile.
<Emphasis>Duzal Meyean</Emphasis>"
164,"Dieser tragbare Schrein wurde zu Ehren des Urahns der Namazuo, der Großen Flosse, erbaut.","Das Dach dieses prächtigen Wanderschreins ziert eine goldene Statue, die den Urahn aller Namazuo darstellt, und zu dessen Ehren der Mikoshi erbaut wurde. Der Schrein wird von acht treuen Namazuo getragen und ist ein Meisterwerk Gyoshins.","Wasshoi, Wasshoi, Wasshoi ♪
<Emphasis>Festlicher Namazuo</Emphasis>"
165,"","",""
166,"Rufe Juedi herbei und galoppiere mit wahnsinniger Ge<SoftHyphen/>schwindig<SoftHyphen/>keit davon.","Juedi ist ein legendäres Ross, das mit der Magie der Geomanten gesegnet wurde. Der Name bedeutet so viel wie „wahnsinnig schnelles Pferd, das im Galopp abhebt“.","Halt dich gut fest, Soldat.
Gleich hebst du ab!
<Emphasis>Domanischer Offizier</Emphasis>"
167,"","",""
168,"Aktiviere ein allagisches Sicherheitssystem, si<SoftHyphen/>cher<SoftHyphen/>heits<SoftHyphen/>hal<SoftHyphen/>ber mit deaktiviertem Waffensystem.","Eine der automatisierten Drohnen, die die Allager zum Schutz ihrer Anlagen einsetzten. Die Forscher der Sankt Coinach-Stiftung fanden die Drohne, übergaben sie den Gar<SoftHyphen/>lond-Me<SoftHyphen/>tall<SoftHyphen/>wer<SoftHyphen/>ken, deren Techniker sie wieder einsatzbereit machten.","Das System ist unsicher ...
<Emphasis>Ardashir</Emphasis>"
169,"","",""
170,"Rufe Grani herbei, das legendäre Fabelwesen aus einer fremden Welt.","Dieses fantastische Reittier stammt aus der ersten Splitter<SoftHyphen/>welt. Mit seinen kräftigen Beinen gallopiert es geschwind über die Erde. Wie von Zauberhand fliegt es flink durch die Lüfte. Es gilt als überaus stolz und man sagt, es würde nur einen Krieger der Dunkelheit auf seinem Rücken dulden.","Dein Leben hängt von der Schnelligkeit deines Reittiers ab.
<Emphasis>Topher</Emphasis>"
171,"Du rufst deine fette Katze herbei, die noch dicker als eine dicke Katze ist.","Die Fettleibigkeit dieser Katze scheint in keiner Weise ihre Beweglichkeit zu beeinträchtigen. Ganz im Gegenteil, sie kann nicht nur flott rennen, sondern tollt sogar durch die Lüfte. Außerdem hat sie ein unglaublich flauschiges Fell. Einfach zum Verlieben!","Ich hätte mir schon viel früher eine Katze anschaffen sollen.
<Emphasis>Melkoko</Emphasis>"
172,"Rufe deinen feurigen Kamuy herbei. Der von Suzaku gesegnete Wolf setzt sich mühelos über die Gesetze der Schwerkraft hinweg.","Der einst gewöhnliche Wolf gab sein Leben im Kampf und rettete damit Unschuldige vor dem Tod. Dafür wurde er von der Tierheiligen Suzaku wiederbelebt und mit besonderen Kräften ausgestattet.","Wer hat Angst vor dem feurigen Wolf?
<Emphasis>Großmutter</Emphasis>"
173,"Rufe ein Modell O herbei. Dabei handelt es sich um ein flugfähiges Ebenbild von Omega.","Diese vollautomatische Maschine wurde vermutlich von Omega im Inter<SoftHyphen/>dimen<SoftHyphen/>sio<SoftHyphen/>nalen Riss als Fluggerät für die sterblichen Testsubjekte entwickelt, um ihre Gewohnheiten besser analysieren zu können.","Eine Kopie, die Omega von sich selbst angefertigt hat.
<Emphasis>Midgardsormr</Emphasis>"
174,"Rufe einen Magitek-Himmelspanzer herbei, die modernste fliegende Kampfmaschine der garleischen Armee.","Dieser einsitzige Himmelspanzer der garleischen Streitkräfte ist wegen seiner Wendigkeit gefürchtet. Bisherige fliegende Magitek-Kampf<SoftHyphen/>maschinen wie der Schlachtkreuzer waren sehr groß, doch mit der Schnitter-Technologie gelang den Garlearn die Herstellung dieses kompakten
Modells.","Da haben die garleischen Ingenieure keine schlechte Arbeit abgeliefert.
<Emphasis>Cid</Emphasis>"
175,"Rufe einen fliegenden Teppich herbei und lass dich von ihm bequem durch die Luft tragen.","Einer Legende nach brachte einst der König von Corvos einen Geist dazu, ihm einen Teppich zu verzaubern, sodass er darauf fliegen konnte. Mit modernsten Verzauberungen ist es nun gelungen, dieses Wunder nachzuahmen.","Der macht sich bestimmt auch gut vor dem Kamin.
<Emphasis>Beeindruckte Hofdame</Emphasis>"
176,"Rufe Magna Rotula herbei, eine mächtige Kampfmaschine, die von den Goblins umgebaut wurde.","Aus den Trümmern der garleischen Magitek-Kampfmaschine, die in Gyr Abania geborgen werden konnten, fabrizierten die Goblins ein furcht<SoftHyphen/>ein<SoftHyphen/>flößendes Gefährt. Ursprünglich funktionierte die Kampfmaschine vollautomatisch, doch Magna Rotula muss gesteuert werden.","Für jede Maschine gibt perfekte Reparierenwerkzeug. Aber mit Gobbihammer kannzu fast
alle Sache wieder funktionierenklopfen. Wunderwerkzeug für Allezweck!
<Emphasis>Trockdox</Emphasis>"
177,"Ruf deinen schwarzen Chocomoppel herbei. Er ähnelt einem schwarzen Chocobo, allerdings ist er viel dicker.","Dieser gefräßige schwarze Chocobo liebt nicht nur Gizar-Blätter, sondern vor allem auch frittiertes Gemüse und Fleisch. Eigentlich isst er alles, was ihm unter den Schnabel kommt. Ist er vielleicht gar kein Chocobo, sondern ein Gestaltwandler?","Dein Chocobo verströmt das luftige Aroma seiner schwarzgefiederten Brüder.
<Emphasis>Arnoulain</Emphasis>"
178,"Ruf deinen Eldthurs herbei, benannt nach einem Riesen, der einst zusammen mit seinen Artgenossen eine Welt voller Feuer beherrschte.","Trotz ihres außer<SoftHyphen/>ge<SoftHyphen/>wöhn<SoftHyphen/>lichen Namens halten Naturkundler die Eldthurs für gewöhnliche Yetis, die zu den Magmaseen in Pyros zogen, um dort ihre Jungen großzuziehen. Dieses Exemplar wurde zumindest so weit abgerichtet, dass es keine Reiterwaden mehr anknabbert.","Großegroße Riesendank!
<Emphasis>Rundblox</Emphasis>"
179,"Rufe Magna Rotula X herbei, das absolute Meisterwerk goblinoider Ingenieurskunst.","Es ist kaum zu glauben, aber die Goblins haben Magna Rotula noch weiter verbessert. Für diese Spezialversion wurde die gesamte Konstruktion verstärkt und die Außenhülle mit Panzerplatten aus gehärtetem Cermet verkleidet. Das höhere Gewicht wurde durch den stärkeren Antrieb
mehr als ausgeglichen.","Pshhh! Hazzu gesehen? Ass in Ärmel! Superass!
<Emphasis>Brüllvolx</Emphasis>"
180,"Rufe deinen Imperator Kaktor herbei. Dabei handelt es sich um eine Kaktor-Statue, die wie das Gebäude des Gold Saucers aussieht.","Diese Nachbildung des berühmt-berüchtigten Gold Saucers schwebt majestätisch wie ein Imperator durch die Lüfte. Das Geheimnis, warum der Gold Saucer in einem Kaktor-Gebäude untergebracht ist, behält jedoch auch diese Statue für sich.","Wird der Kaktor über uns herrschen?!
<Emphasis>Besorgter Abenteurer</Emphasis>"
181,"Rufe deinen neunschwänzigen Kamuy herbei und lasse dich von ihm majestätisch durch die Lüfte tragen.","Die legendären Kamuy des Fernen Ostens kommen in mannigfachen Gestalten vor. Diese Art ähnelt der neunschwänzigen Füchsin namens Tamamo no Gozen, was ganz bestimmt kein Zufall ist.","♪ Doch am End fand zusammen ♪
♪ was das Schicksal als wesensgleich auserkoren ♪
<Emphasis>Fahrender Sänger</Emphasis>"
182,"Rufe deinen blauen Kamuy herbei. Der von Seiryu gesegnete Wolf setzt sich mühelos über die Gesetze der Schwerkraft hinweg.","Dieses Wolfswesen wurde gefürchtet, gejagt und erschlagen, doch von Seiryu wiederbelebt.","Ist der nicht gefährlich?!
<Emphasis>Katzenliebhaber</Emphasis>"
183,"Rufe deinen Säbelzahntiger herbei. Dieser Tiger wurde zum Kämpfen trainiert und hat Reißzähne, die so lang sind wie Säbel.","Woher der Name dieses Tigers stammt, ist auf den ersten Blick erkennbar. Das Abrichten dieser Rasse zu Reittieren gelingt nur, wenn man direkt nach ihrer Geburt damit beginnt, sie zu trainieren.","Grrrrrr<Indent/>... <schnurr>"
184,"Rufe deine Eureka-Schwalbe herbei. Geboren im Meer, bestimmt für die Lüfte.","Eureka-Schwalben, auch „blaue Engel“ genannt, sind elementare Hybride. Sie werden im Meer geboren, doch erheben sich alsbald wie Schwalben in die Lüfte. Ihre Anmut sollte jedoch nicht darüber hinwegtäuschen, dass sie  auch geschickte Jäger sind, die mit ihrem potenten Gift ihre
Beute schnell ausschalten.","Was ist das für ein wundervolles blaues Leuchten am Himmel?
<Emphasis>Aus der Sammlung „Berühmte letzte Worte“</Emphasis>"
185,"Rufe deinen kälteresistenten Magitek-Rächer herbei, eine von den Goblins zu einem Reitgefährt umgebaute imperiale Kampfmaschine, die in dieser Ausführung besonders für den Einsatz in kalten Gebieten geeignet ist.","Eine ursprünglich führerlose Kampfmaschine der Garlear, die von den Goblins zu einem Reitgefährt umgebaut und nun noch zusätzlich gegen Kälte isoliert wurde.","Willzu auf Arm nehmen?!
<Emphasis>Trockdox</Emphasis>"
186,"Rufe deinen Demi-Yadis herbei. Die Replikation eines Proto-Yadis, erschaffen von den Forschern von Baldesions Gelehrten.","Forscher von den Gelehrten erschufen den Demi-Yadis, um mögliche Schwachstellen des  Proto-Yadis zu ergründen. Sie vermuteten, dass die Schwarzmagier von Mhach mit der Erschaffung der Yadis das Aufrufen des Proto-Yadis erprobten.","... ... ..."
187,"Rufe deinen Amaro herbei. Diese flugfähigen Reittiere sind in ganz Norvrandt beliebt.","Vor langer Zeit schufen die Magier des Ronka-Kaiserreichs diese Nutztiere durch gezielte Auslesezüchtung aus dem Cama, der damals zu den intelligenteren wilden Bestien zählte. Bei den Flügeln wurde beim Züchten wohl magisch nachgeholfen.","Der Amaro spürt instinktiv das Gemüt seines Reiters.
Manche gehen sogar so weit zu behaupten, Amaros könnten <Emphasis>Gedanken</Emphasis> lesen!
<Emphasis>Bethric</Emphasis>"
188,"Rufe deinen Wüstengleiter herbei. Dieses Gefährt wurde im Kristallturm entdeckt und von den Handwerkern der Manufaktur der Gemeinschaft repariert.","Diese Flugmaschine wurde einst von Mitgliedern der kaiserlichen Familie verwendet. Als sie vor einer bestimmten Höhle zurückgelassen wurde, musste sie mit einem Luftschiff geborgen werden. Danach wurde sie im Turm abgestellt und kam sehr lange Zeit nicht mehr zum Einsatz.","<knatter> <knatter>"
189,"Rufe deinen Pixie-Gwiber herbei. Dieses Wesen lässt sich mithilfe einer Pfeife rufen, die von der Magie des Feenkönigs Titania erfüllt ist.","Die Pfeife, mit der dieses Wesen gerufen werden kann, wurde vor langer Zeit von fähigen Magiern erschaffen. Das Wesen soll einen legendären Drachen darstellen.","H-Heiliger Bommel! Ein ... Drache?!
<Emphasis>Mogzin</Emphasis>"
190,"Rufe deinen Triceratops herbei, eine uralte Bestie mit drei charakteristischen Hörnern. Er ist bereits mit einem magischen Sattel ausgerüstet.","Auf dem Rücken dieser uralten Bestie ist ein Sattel befestigt, der unter Anwendung magischer Verfahren der Ronka-Zeit angefertigt wurde. Nuts, der Gründer vom Clan Kupo, entdeckte ihn während der Erforschung antiker Ruinen.","Grrroooaaarrr!!!"
191,"Rufe deinen Eisenfrosch herbei. Diese mittelgroße Marionette wurde von Zwergenhandwerkern angefertigt.","Die Zwergenhandwerker haben für den alltäglichen Gebrauch nicht nur das Fahrgestell verstärkt, sondern auch ausfahrbare Triebwerke eingebaut, die den Eisenfrosch fliegen lassen. Deren Herstellungsmethode würde aber kein Zwerg jemals verraten.","Holladriooooh!!"
192,"Rufe deinen Innozenz-Gwiber herbei. Dieses Wesen lässt sich mithilfe einer Pfeife beschwören, die von Innozenz' Magie erfüllt ist.","Das Licht, welches dieses Wesen umgibt, erinnert an den allmächtigen Innozenz. Natürlich handelt es sich hierbei nicht um einen Sünden<SoftHyphen/>ver<SoftHyphen/>tilger.","Ich bin ohne Schuld, frei von jedem Makel! Ich bin Innozenz!
<Emphasis>Vauthry</Emphasis>"
193,"Rufe dein Zauberbett herbei. Dieses fliegende Bett erleichtert den morgendlichen Weg zum Bäcker erheblich.","Zu der Zeit, als das Königreich Voeburt noch existierte, wurde dieses Bett für einen unglaublich faulen Königssohn angefertigt. Da es ihm zu anstrengend war, sich die Steuerung erklären zu lassen, stieg er schlafend in die Wolken auf und wart nie wieder gesehen.","Ich hätte nichts gegen eine heiße Tasse Tee und ein anständiges Bett einzuwenden.
<Emphasis>Ryne</Emphasis>"
194,"Rufe deinen Ahriman herbei, der von einem Bändiger des Circus Continental aufgezogen und trainiert wurde.","Der Impresario vom Circus Continental hatte den Plan, mithilfe dieses Ahrimans zu Allerschutzheiligen Angst und Schrecken zu verbreiten, doch der Blick des Grauens wollte ihm einfach nicht gelingen.","Im Gegenzug möchte ich nur, dass ihr schön viele Leute mit dem Blick des Grauens erschreckt.
<Emphasis>Impresario</Emphasis>"
195,"Rufe den goldenen Kumulus herbei. Mithilfe einer geheimen Technik eines Einsiedlers aus dem Fernen Osten lässt sich diese magische Wolke rufen.","Ein mächtiger Zaubergelehrter, der zurückgezogen in den Bergen von Doma lebte, erschuf diese magische Wolke, indem er viele kleine Wolken miteinander verknüpfte. Man erzählt sich, das Glück würde jedem folgen, der auf dieser goldenen Wolke reitet.","Du verdienst alles Glück der Welt ...
<Emphasis>Unbekannt</Emphasis>"
196,"","",""
197,"Rufe deinen vollgepanzerten Kampftiger herbei, der neben seinen Krallen und Säbelzähnen auch noch mit einem messerscharfen Horn bewaffnet ist.","Dieser Säbelzahntiger wurde seit seiner Geburt zum Kämpfen trainiert. Die Armee in der Bozja-Region setzt seit jeher spezielle Bataillone mit diesen gepanzerten Raubkatzen in Schlachten ein.","Sollen die kleinen Miezekätzchen sich mal etwas austoben. Umso leichter sind sie später handzuhaben.
<Emphasis>Gegeruju</Emphasis>"
198,"","",""
199,"","",""
200,"Rufe einen ausgewachsenen Morbol als Reittier hierbei. Morbol kann man nicht wirklich zu Reittieren dressieren. Entsprechend ungewöhnlich fällt der Transport aus.","Dieses magische Wesen war ursprünglich für die Große Maskerade in der Himmlischen Arena gedacht, aber erwies sich als etwas zu un<SoftHyphen/>be<SoftHyphen/>rechen<SoftHyphen/>bar. Die Blaumagiergilde beschloss kurzerhand, die wenigen Exemplare an einen windigen Händler zu veräußern.","Keiner hat behauptet, es würde bequem werden.
<Emphasis>Anonymer Exoten-Händler</Emphasis>"
201,"Rufe deine stattliche Quiexie herbei. Sie ist stark genug, um dich auf ihrem Rücken zu tragen, allerdings muss man sich etwas an den strengen Geruch gewöhnen.","Diese Quiexie wurde von dem Nu Mou Lugg Aenc als Reittier erschaffen. Sie wühlt gerne nach Essen und liebt vor allem Würste aller Art. Aufgrund ihrer weichen Rundungen lässt es sich angenehm auf ihr sitzen. Allerdings muss man mit lautem Magenknurren rechnen.","Ein Feenkönigreich für eine Quiexie!
<Emphasis>Uin Nee</Emphasis>"
202,"Rufe Epimetheus herbei, eine schier unaufhaltsame Kampfmaschine. Jedenfalls wäre sie es, wenn sie etwas größer wäre.","Die Garlond Metallwerke haben diese Kriegsmaschine nach gestohlenen Bauplänen aus Garlemald rekonstruiert. Da jedoch die exakten Ausmaße unbekannt waren, fällt diese Version etwas kleiner aus als das Original.","Boooah, was für ein geiles Teil!
<Emphasis>Kriegsmaschinen-Nerd</Emphasis>"
203,"Rufe Menoetius herbei. Ähnelt Epimetheus, ist aber ungleich komfortabler.","Nach der erfolgreichen Rekonstruktion des Epimetheus haben sich die Ingenieure der Garlond Metallwerke darangemacht, das Fahrzeug zu verbessern. Das Ergebnis ist ein komfortableres und zugleich agileres Gefährt. ","Ich glaube, ich bin verliebt ...
<Emphasis>Kriegsmaschinen-Nerd</Emphasis>"
204,"Rufe dein Konstrukt7 herbei. Ein mächtiger Stahlkoloss, der mit seinem Brummen und Zischen besonders bei den Zwergen Eindruck schinden dürfte.","Tatsächlich handelt es sich bei dem Kobold-Konstrukt nicht um eine Maschine, sondern um einen Golem. Erbeutet durch den Mahlstrom, wurden einige Exemplare bei Naldiq & Vymelli wieder Instand gesetzt und an die Aben<SoftHyphen/>teurer<SoftHyphen/>gilde übergeben.","Huldigt Titan! Titan ist groß! Titan! Titan! Titan!!!
<Emphasis>Gravur an der Fußsohle des Konstrukts</Emphasis>"
205,"Rufe deinen Schatten-Gwiber herbei. Dieses Wesen lässt sich mithilfe einer Pfeife rufen, die von Hades' Magie erfüllt ist.","Die Pfeife, mit der dieses Wesen gerufen werden kann, wurde vermutlich vor langer Zeit von dem Ascian Emet-Selch erschaffen. Für den Ursprünglichen war das wohl nicht viel mehr als eine Spielerei.","Bist du eine Art niederer Drache?
<Emphasis>Mogzin</Emphasis>"
206,"Rufe einen Träger-Spriggan herbei, der dich mit fluffigen Ohren und auf bequemen Kissen sanft an dein Ziel trägt.","Dieser riesige Spriggan hat sich so lange an köstlichsten Erzen gütlich getan, bis er im Stollen feststeckte. Seit seiner Befreiung trägt er sowohl Waren als auch Personen mit größter Leidenschaft.","Gi?"
207,"Rufe deine Geläuterte Sprachlosigkeit herbei. Sie ist nicht gerade redselig, also erwarte keine angeregten Unterhaltungen.","Die Jäger des Clans Kupo spürten diesen Sünden<SoftHyphen/>ver<SoftHyphen/>tilger in den Kellergewölben von Eulmore auf und wollten ihn zunächst erschlagen, doch als sie merkten, dass er friedlich ist, verschonten sie ihn.","Vergib uns unsere Sprachlosigkeit.
<Emphasis>Lucia</Emphasis>"
208,"Rufe deinen Dhalmel herbei. Ein langhalsiger Pflanzenfresser, der im Abalathischen Wolkenmeer beheimatet ist. ","Dieser Dhalmel gierte nach den saftigen Blättern der Nachbarinsel. Als er jedoch seinen langen Hals ausstreckte, verlor er das Gleichgewicht und fiel ins Wolkenmeer ... und lernte zu fliegen. Die Theorie ist umstritten.","Uaaah! Ein Dhalmel!!!
<Emphasis>Enion</Emphasis>"
209,"Rufe dein Albino-Karakul herbei, wegen seiner weißen Farbe das schwarze Schaf unter seinesgleichen. ","Dieses Karakul, das auf dem Grundstück der Haillenarte aufgezogen wurde, kam inmitten seiner schwarzen Artgenossen mit weißer Fellfarbe zur Welt. Wegen seines Seltenheitswerts entschied man, es nicht zu schlachten, sondern es stattdessen als Reittier zu verwenden.","Ich frage mich, wie ein Albino-Karakul schmeckt ...
<Emphasis>Unbekannter Gourmet</Emphasis>"
210,"","",""
211,"Rufe Ufiti herbei, einen der letzten überlebenden Affenwesen, die früher zahlreich auf dem Diadem lebten.","Nachdem blutrünstige Abenteurer seine Artgenossen massakriert hatten, meisterte er die Kunst des Fliegens, um sich auf die Suche nach einem würdigen Anführer zu machen.","Starke werden von Stärke angezogen.
<Emphasis>Ywain</Emphasis>"
212,"Ruf deinen Deinonychus herbei. Er ist sehr viel klüger, als er aussieht.","Eine riesige fleischfressende Echse, die im Süden von Ilsabard beheimatet ist und mit dem Raptor aus dem Finsterwald artverwandt ist. Aufgrund seiner Intelligenz, die sich auch im Jagdverhalten äußert (Deinonychus jagen stets zu zweit), wurde er seit alters als Kampftier in Kriegen
eingesetzt.","Wer einen Deinonychus jagt, wird schnell zum Gejagten.
<Emphasis>Anonymer Jäger</Emphasis>"
213,"Du rufst Automat Nr. 14 als Begleiter herbei. Dieses kampferprobte Konstrukt wurde von der IV. Legion erbeutet.","Die IV. Legion der garleischen Armee ließ in der Uhrwerksstadt Gog eine Kampfmaschine entwickeln, die den Transport von Soldaten und Material erleichtern sollte. Der Automat Nr.14 ist eine kampfkraftgesteigerte Weiterentwicklung des ursprünglichen
Eisenkonstrukt-Modells.","Be-schleu-nige auf Hyper-ge-schwindig-keit. Biep.
<Emphasis>Semi-autonomer Automat Nr. 14</Emphasis>"
214,"Rufe deinen Königspfau herbei, eine Riesenpfauenart, die auf dem Kontinent Othard beheimatet ist. Schlägt er ein Rad, verschlägt es einem die Sprache, so schön ist er.","Dieses Prachtexemplar von einem Pfau ist nicht nur schön, sondern auch äußerst nützlich, da er Ungeziefer in großen Mengen vertilgt. Er soll aus einer auf Othard heimischen Art hervorgegangen sein, deren Eigenschaften durch Geomantie verbessert wurde. Im Nahen wie im Fernen Osten gilt er als der „König der Vögel“.","Die Geomantie besitzt viele Anwendungsfelder, eines davon ist die Artenzüchtung.
<Emphasis>Professor der angewandten Geomantie</Emphasis>"
215,"Rufe die Urne der Wasserschlange herbei. Sie fühlt sich schwer an, obwohl du schwören könntest, dass sie bis gerade eben noch ziemlich leer war.","Eine kleine Ronka-Flöte befand sich in dieser Urne, die sich wie von Zauberhand füllte, wenn man auf der Flöte spielte. Warum? Das weiß niemand, denn die Wege der Wasserschlange sind unergründlich.","Urne ist gleichzeitig leer und voll wie Herz von Wasserschlange.
<Emphasis>Quinfort</Emphasis>"
216,"Rufe dein Pteranodon herbei, ein fliegendes Schuppentier, an dem die Evolution spurlos vorbeigegangen zu sein scheint.","Dieses Schuppentier, das auf dem Diadem beheimatet ist, schloss Freund<SoftHyphen/>schaft mit dem Piloten der <Emphasis>Bounty</Emphasis>, der ihm ab und an Essensreste hinwarf. Mittlerweile ist es so zahm, dass es geübte Flugtierreiter wie dich auf seinem Rücken duldet.","Freund<SoftHyphen/>schaft geht durch den Magen.
<Emphasis>Pilot der Bounty</Emphasis>"
217,"Rufe deinen Rubin-Gwiber herbei. Dieses Wesen lässt sich mithilfe einer Pfeife rufen, die von der Magie eines unbekannten Primae erfüllt ist.","Die Pfeife, mit der dieses rötlich schimmernde Schuppentier herbeigerufen werden kann, soll von der Magie jenes Primae erfüllt sein, den die Rubin-Waffe absorbiert haben soll. Wie der Beschwörer in den Besitz der Pfeife kam und wie er Kenntnis über ihre magischen Kräfte erlangte, bleibt ein Rätsel.","Ich frage mich, ob ein ausgestopfter Rubin-Gwiber immer noch rötlich schimmert.
<Emphasis>Enion</Emphasis>"
218,"Rufe deinen Hybodus herbei. Der nahe Verwandte des Tornadohais kann dank eines hohen Anteils an Luft-Äther fliegen.","Der Hybodus ist ein Verwandter des Tornadohais. Er verfügt jedoch über ein magiesensitives Organ, mit dem er Luftäther beeinflussen und dadurch fliegen kann. Er ernährt sich hauptsächlich von Wolkenmeerfischen und Vögeln.","Das glaube ich erst, wenn Haie fliegen können!
<Emphasis>Meister Oboro</Emphasis>"
219,"Rufe deinen Ramuh herbei, ein magisches Wesen, das aus einem kleinen Kristall im Herzen von Eden schlüpfte, nachdem er mit magischer Energie übergossen wurde. ","Der Kristall, aus dem dieses Wesen schlüpfte, entstand als Nebenprodukt einer Primae-Beschwörung. Als Shiva beschworen wurde, wurde Blitz-Äther, der bei der Ramuh-Beschwörung angefallen war und noch in der Luft waberte, blitzartig abgestoßen und
kristallisiert. ","Die Meinige findet den flitzenden Blitzenden einfach fabelhaft!
<Emphasis>Sylphe</Emphasis>"
220,"Rufe dein Rubellit-Karfunkel herbei, geboren aus einem Äthergramm erfüllt von der Kraft eines Rubellits.","Ein magisches Reittier, das von dem selbst<SoftHyphen/>er<SoftHyphen/>nann<SoftHyphen/>ten Hermetikergenie Ulan auf Grundlage ihres bei der Züchtung des Riesenkarfunkels Diama gewonnenen Wissens geschaffen wurde. Dank des mit Rubellit-Körnern gefüllten Kerns kann es auch von Nicht-Hermetikern beschworen werden.","Die Erforschung von Karfunkeln ist ein wahrhaft schillerndes Feld!
<Emphasis>Ulan</Emphasis>"
221,"","",""
222,"Rufe deine Chocobo-Kutsche herbei und nimm die Zügel endlich selbst in die Hand.","Der erste Prototyp der heute so bekannten Chocobo-Kutsche wurde vor rund einhundert Jahren gebaut. Die Technologie für die schwebenden, mit Erdseim-Gas gefüllten Ballons stammt erstaunlicherweise von den Ixal, die im Finsterwald
bruchgelandet sind.","Kweeeh!"
223,"Rufe deinen Zwergenpanzer herbei, der ganze Stolz der Zwerge der Watts-Werkstatt für Hammerprojekte.","Dieses Gefährt basiert auf einem Entwurf des legendären Schmieds Watts und ist mit einem neunzylindrigen Zwergenspritsternmotor, Eisenarmen und einem rotierbaren Dämonengeschütz ausgestattet.","Dank des Zwergenpanzers ist die Welt ein kleines Stück sicherer geworden.
<Emphasis>Lorathia</Emphasis>"
224,"Rufe deinen Gabriel α. Etwas klein, aber dafür umso schneller. Gut festhalten!","Ein experimenteller Prototyp der späteren Magitek-Flugrüstung Gabriel. Die kleinere Form diente wohl zur Optimierung der Aerodynamik.","Bieeeeeep."
225,"Rufe deinen Megalotragus herbei. Gib Acht, dass du dich beim Reiten nicht an seinen riesigen Hörnern stößt.","Mit Hörnern wie Krummschwerter stammt der Megalotragus aus den Bergen von Abalathias Rückgrat. Erst nach der Katastrophe fanden sie im erkalteten Coerthas eine neue Heimat. Eine derart alte Spezies ist außerdem
selbst<SoftHyphen/>verständ<SoftHyphen/>lich von
magischem Naturell.","Brrrrh<Indent/>..."
226,"Rufe deinen Gwiber des Lichts herbei. Zum Leben erweckt von Heldenäther ist er nun bereit, dich auf seinem Rücken zu tragen.","Heldenäther bringt das Herz dieses mächtigen Gwibers zum Schlagen. Vielleicht gab es einst einen strahlenden Helden, der auf dem Rücken dieser magischen Kreatur ritt, um das Böse zu finden und niederzustrecken<Indent/>...","Grooooh!"
227,"","",""
228,"Rufe dein Jibanyan-Sofa herbei. Ein mysteriöses Sofa, welches dem Yo-kai Jibanyan nachempfunden ist.","Dieses Sofa ist dem Yo-kai Jibanyan nachempfunden und kann im Gegensatz zu seiner gestalterischen Vorlage fliegen. Es ist so komfortabel, dass es Helden und Abenteurer jeglicher Art in Sofahelden verwandelt.","So gemütlich, nyan!"
229,"Rufe deinen Magitek-Transporter NEO herbei, die zweite Generation allagischer Beförderungstechnologie.","Es liegt nicht in der garleischen Natur, Gutes bei Gutem zu belassen. Und so haben Magitek-Ingenieure in Doppelschichten daran gearbeitet, den Magitek-Transporter zu verbessern. Er ist nun 8<Indent/>% leichter und verbraucht 14<Indent/>% weniger Erdseim
auf 100 Malmen.","Wunderbar, einfach wunderbar!
<Emphasis>Entzückter Ingenieur</Emphasis>"
230,"Rufe Ehll Tou herbei. Niemand bastelt besser als sie, zisch.","Hilfs<SoftHyphen/>bereit<SoftHyphen/>schaft und Neugier brachte Ehll Tou nach Ishgard. Dort fand sie nicht nur neue Freunde, sondern entdeckte auch ihre einzigartige Gabe des Handwerks. Kein anderer Drache vermag es, Werkzeuge mit derartigem Geschick zu führen.","Die Ode eines neuen Zeitalters!
<Emphasis>Ehll Tou</Emphasis>"
231,"Rufe Incitatus herbei. Ein legendäres Reittier, das von Mähne bis Schweif Edelmut ausdrückt.","Incitatus ist die geheime Leidenschaft der Händlerin Rowena, die dieses ungewöhnlich edelmütige Pferd wie eine Kostbarkeit mit Luxus verwöhnt hat. Incitatus gilt als ein äußerst schlauer und treuer Reisebegleiter. ","<schnaub> <wieher> ♪"
232,"Rufe deinen Schneemann herbei. Er ist mit Immerfrost-Kristallen präpariert und wird gewiss nicht unter dir wegschmelzen.","Ein für das Sternenlichtfest gebauter Schneemann. Der Brauch, Schneemänner zu bauen, wurde aus Gyr Abania übernommen. Dank gridanischer Druidenkunst bleibt er stets frisch und frostig.","Was für ein herzerwärmender Anblick!
<Emphasis>Kleines Helferlein</Emphasis>"
233,"Rufe deinen Mondwal herbei, ein walförmiges Magitek-Gefährt, das Platz für 8 Personen bietet.","Ein von den Gar<SoftHyphen/>lond-Me<SoftHyphen/>tall<SoftHyphen/>wer<SoftHyphen/>ken entwickeltes Magitek-Gefährt, das dem legendären Schiff von Mysidia nachgeformt ist und eine hohe Beförderungskapazität besitzt.  ","Einfach genial!
<Emphasis>Begeisterter Ingenieur</Emphasis>"
234,"Rufe dein Eden herbei. Auf ihm zu reiten fühlt sich paradiesisch an.","Ein mit Magie gefüllter Kristall, der im Herzen von Eden geborgen wurde. Obwohl er dem Sünden<SoftHyphen/>ver<SoftHyphen/>tilger Eden äußerlich gleicht, geht von ihm keinerlei Gefahr aus.","Eden absorbiert Unmengen an Äther!
<Emphasis>Ryne</Emphasis>"
235,"Rufe deinen Cerebus herbei. Doch wundere dich nicht, wenn die Leute etwas gucken.","Neben seiner unfassbaren Stärke und seinen drei gefährlichen Mäulern rühmt sich dieser Nichts<SoftHyphen/>gesand<SoftHyphen/>te eines erstaunlich langen Lebens: Er stammt aus der Dritten Ära des Lichts. Es heißt, die allagischen Halsbänder halten ihn in Schach,
aber vielleicht ist das auch
nur ein Trick.","Was für ein niedliches Hündchen!
<Emphasis>Nashu Mhakaracca</Emphasis>"
236,"Rufe deine Riesenkrabbe herbei. Sie ist dankbar, am Leben zu sein, und wird dich nicht zwicken.","Diese riesige Krabbe wurde von einem verfressenen Qiqirn gemästest, der es jedoch am Ende nicht über sein Herz brachte, sie zu schlachten. Aus Dankbarkeit stellt sich die Krabbe seither als Reittier zur Verfügung.","Krabbe ist fett, aber nett. Soll leben!
<Emphasis>Anonymer Qiqirn</Emphasis>"
237,"Rufe das legendäre Fabelwesen Areion herbei.","Dieses geflügelte Pferd soll einst einem Helden gehört haben. Es heißt, dass nur wessen Herz so heiß brennt wie die Sonne, auf ihm reiten kann.","Ein fabelhaftes Pferd.
<Emphasis>Anonymer Pferdezüchter</Emphasis>"
238,"Rufe deinen Smaragd-Gwiber herbei. Dieses Wesen lässt sich mithilfe einer Pfeife rufen, die von der Magie eines unbekannten Primae erfüllt ist.","Die Pfeife, mit der dieses grünlich schimmernde Schuppentier herbeigerufen werden kann, soll von der Magie jenes Primae erfüllt sein, den die Smaragd-Waffe absorbiert haben soll. Wie der Beschwörer in den Besitz der Pfeife kam und wie er Kenntnis über ihre magischen Kräfte erlangte,
bleibt ein Rätsel.","Ich frage mich, ob ein ausgestopfter Smaragd-Gwiber immer noch grünlich schimmert.
<Emphasis>Enion</Emphasis>"
239,"Rufe Proto-Magna Rotula herbei, der Prototyp einer mächtigen Kampfmaschine, die von den Goblins umgebaut wurde.","Aus den Trümmern der garleischen Magitek-Kampfmaschine, die in Gyr Abania geborgen werden konnten, fabrizierten die Goblins ein furcht<SoftHyphen/>ein<SoftHyphen/>flößendes Gefährt. Auf Schnelligkeit programmiert, soll es eines Tages Gefallen an der Raserei gefunden haben. Seither ist es nicht mehr
zu bremsen.","Wizzu eiligmachen, muzzu Proto-Magna Rotula nutzen. Pssssss<Indent/>...
<Emphasis>Anonymer Goblin</Emphasis>"
240,"Rufe deinen Chokorpokkur herbei. Er ist mindestens so groß wie ein Chocobo, riecht aber bedeutend besser.","Ein überdimensionaler Korpokkur, der herumhüpft und Schokolade verteilt. Er verströmt einen süßen Schokoladenduft, der ihn bei Groß und Klein beliebt macht.","Wenn nur meine Chocobos so gut riechen würden<Indent/>...
<Emphasis>Anonymer Chocobo-Züchter</Emphasis>"
241,"Rufe deinen Gabriel III herbei. Erwarte nicht zu viel von dieser „Kampfmaschine“. Die goldene Farbe reflektiert keine Laserstrahlen.","Jeder erfahrene Abenteurer weiß: Wenn eine besiegte Kreatur in einer anderen Farbe wieder erscheint, ist sie wesentlich stärker. Zum Glück ist dieser Miniaturprototyp auf deiner Seite.","Diese wunderbare goldene Farbe! 
<Emphasis>Ihase</Emphasis>"
242,"Rufe deine Antilopenkuh herbei. Ihr weiches Fell schimmert bläulich.","Ein Steppentier, das vor der Siebten Katastrophe auch in Coerthas anzutreffen war. Obwohl für ihr Fleisch und ihre Milch sehr begehrt, scheitern alle Versuche, die Antilopenkuh vollständig zu domestizie-
ren an ihrem launischen Gemüt. Wer sie bereiten
möchte, braucht Geduld
und ein hartes Hinterteil.","Einen ganzen Tag auf der Jagd gewesen und es ist
nichts als Antilopen-Fleisch dabei rumgekommen.
<Emphasis>Isarmoix</Emphasis>"
243,"Rufe deinen Antilopenbock herbei. Sein gestreiftes Fell und sein Geweih unterscheiden ihn von der Antilopenkuh.","Wegen seiner Schnelligkeit wird der Antilopenbock von den Bergvölkern von Abalathias Rückgrat als Reittier bevorzugt. Uralte Zauber, die gerade eine Renaissance erleben, ermöglichen außerdem seine Nutzung als Flugtier, vorausgesetzt der Reiter verfügt über genügend Äther. ","Eine Herde junger Antilopenböcke ist aufgeschreckt und hat panisch die Flucht ergriffen.
<Emphasis>Maximiloix</Emphasis>"
244,"","",""
245,"Rufe Mechamander herbei, den legendären mechanischen Drachen.","Die alten Allager entwickelten dieses Stahlwesen als Waffe gegen die Drachen. Es heißt, dass nur ein wahrer Held auf seinem Rücken geduldet wird.","Hut ab vor der Technik der Allager.
<Emphasis>Garlear</Emphasis>"
246,"Rufe Ikril herbei, das richtige Motorrad, um Eindruck zu schinden.","Dieses Flugmotorrad, das neben dem Fahrer Platz für eine weitere Person bietet, war ein Geschenk Frans an die bozianischen Widerstandstruppen. Sein Name bedeutet „Thron“ auf Hoch-Ivalisisch und tatsächlich hat der Beifahrersitz etwas Thronhaftes, was man vom Fahrersitz nicht unbedingt
behaupten kann.","Ikril ist der König unter den Motorrädern.
<Emphasis>Motorradliebhaber</Emphasis>"
247,"Rufe deinen Chaser herbei und jage deine Feinde.","Diese von der Indigo-Hand entwickelte zweibeinige Kriegsmaschine verwandelt sich in ein Luftschiff, sobald sie vom Boden abhebt. Ein gewisser Ingenieur der Gar<SoftHyphen/>lond-Me<SoftHyphen/>tall<SoftHyphen/>wer<SoftHyphen/>ke soll bereits ein Modell im kleinen Maßstab in Planung haben.","Los, hinterher!
<Emphasis>Seserukka</Emphasis>"
248,"Rufe dein Konstrukt6S herbei. Ein besteigbarer Stahlkoloss, der von Kobolden erschaffen wurde.","Gebaut von freundlich gesinnten Kobolden verfügt dieses Stahlgefährt über eine dreißig Prozent verbesserte Triebkraft gegenüber seinem Vorgängermodell. Das macht es zwar nicht dreimal schneller, doch der rote Anstrich verleiht ihm ein rassiges Aussehen.","Huldigt Titan! Titan ist groß! Titan! Titan! Titan!!!
<Emphasis>Gravur an der Fußsohle des Konstrukts</Emphasis>"
249,"Rufe deinen Diamant-Gwiber herbei. Dieses Wesen lässt sich mithilfe einer Pfeife rufen, die von der Magie eines unbekannten Primae erfüllt ist.","Die Pfeife, mit der dieses Schuppentier herbeigerufen werden kann, ist von der Magie jenes Primae erfüllt, den die Diamant-Waffe absorbiert haben soll. Wie der Beschwörer in den Besitz der Pfeife kam und wie er Kenntnis über ihre magischen Kräfte erlangte, bleibt ein Rätsel.","Ihr seid doch alle dickköpfig wie ein Rohdiamant!
<Emphasis>Glagg</Emphasis>"
250,"Rufe deinen Eisbären herbei. Ein kuscheliger Freund mit einer Schwäche für Süßes.","Auf der Suche nach dem perfekten Eis verschlug es die Eiskonditorin Nekeke zu den Nordmeerinseln, wo sie auf einen Eisbären traf und ihm ein paar Süßigkeiten anbot. Seither frisst er ihr aus der Hand. Seine Bewunderung für dich war jedoch noch stärker als seine Liebe für Süßes, weshalb er sich dich als neuen Meister ausgesucht hat.","Selbst der Stärkste kann einer süßen Versuchung nicht widerstehen.
<Emphasis>Nekeke</Emphasis>"
251,"","",""
252,"Rufe dein Gold-Mikoshi herbei, das von acht feucht<SoftHyphen/>fröhlichen Namazuo getragen wird.","Ein vergoldeter Mikoshi zu Ehren der Großen Flosse, dem ehrwürdigen Urahnen der Namazuo. Auf die Idee, mit dem Verkauf teurer Mikoshi das Fest der Großen Flosse zu finanzieren, das ganze sieben Jahre dauert, kamen die Namazuo dank Rowenas Bestseller „Wie man Reichtum anhäuft“.","Wasshoi, Wasshoi, Wasshoi ♪
Ich weiß zwar nicht, was wir hier machen, aber es macht Spaß!
<Emphasis>Namazuo-Festbesucher</Emphasis> "
253,"Rufe deine Urne der goldenen Wasserschlange herbei. Eine ganz gewöhnliche Urne der Wasserschlange, nur dass sie ein mysteriöses goldenes Leuchten von sich gibt.","Diese Urne aus den Ronka-Ruinen gelangte durch Räuber auf den Schwarzmarkt und hat seither mehrmals ihren Besitzer gewechselt. Bläst man in die dazugehörige Pfeife, strahlt sie ein goldenes Leuchten aus, das Segen spenden soll.","Wasserschlange spricht!
<Emphasis>Chaqurl Qhotl</Emphasis> "
254,"Rufe deine magische Karte herbei, geschmiedet vom größten Goldschmied unter der güldenen Sonne Thanalans.","Niemand Geringerer als Godbert Manderville schmiedete diese Karte, um sie einem wahren Triple Triad-Freund als Treuegeschenk zukommen zu lassen. Dass die Karte fliegen kann, ist einerseits verwunderlich, andererseits angesichts der Genialität seines Schöpfers auch wieder nicht.","Ein Spielchen gefällig?
<Emphasis>Iola</Emphasis> "
255,"","",""
256,"","",""
257,"","",""
258,"","",""
259,"","",""
260,"","",""
261,"Rufe deinen Umbral-Luchs herbei, ein geflügeltes Fabelwesen erfüllt mit schattenelementarer Energie.","Diese Kreatur ist von schattenelementarer Energie durchdrungen. Seine geflügelte Gestalt ähnelt Zodiark, dem ältesten und mächtigsten aller Primae, doch die Herkunft des Umbral-Luchses ist ein Rätsel.","Bist du ein Krieger der Dunkelheit?!
<Emphasis>Mutige Stadtwache</Emphasis>"
262,"Rufe deinen Astral-Luchs herbei, ein geflügeltes Fabelwesen erfüllt mit lichtelementarer Energie.","Diese Kreatur ist von lichtelementarer Energie durchdrungen. Seine geflügelte Gestalt ähnelt Hydaelyn, der Verkörperung des Planeten, doch die Herkunft des Astral-Luchses ist ein Rätsel.","Diese strahlende, gottgleiche Erscheinung ... muss ein Krieger des Lichts sein!
<Emphasis>Humphrey</Emphasis>"
263,"Rufe Argos herbei, Venats treuen Begleiter mit goldenem Fell.","Argos wurde von Venat erschaffen und lässt nur jene auf seinen kräftigen Rücken, die sein Vertrauen gewonnen haben. Dir vertraut er seit eurer ersten Begegnung in Mare Lamentorum.","Wie brav der ist!
<Emphasis>Nashu Mhakaracca</Emphasis>"
264,"Rufe deinen Brummonauten herbei, eine riesige Maschine, die alles um sich herum in Schutt und Asche legt.","Ursprünglich wurde der Brummonaut als Kriegsmaschine entwickelt, doch als neuere Modelle aufkamen, wurde sie auf Baustellen eingesetzt. Einer Legende nach kämpfte sich ein junger Held mit einem Brummonauten durch eine Gruppe von Feinden.","Wofür ist die Maschine?
<Emphasis>Neugieriger junger Mann</Emphasis>"
265,"Rufe deinen Demi-Phoinix herbei, denn vier Flügel sind besser als zwei und drei Köpfe besser als einer.","Dieses Wesen ist eine Nachbildung des Phoinix aus dem Pandæmonium. Der Phoinix entstand angeblich aus Experimenten an unsterblichen Vögeln, doch aufgrund seiner aggressiven Natur galt er als Fehlschlag.","Wie buchstabiert man das?
<Emphasis>Gelehrter der Alten</Emphasis>"
266,"Rufe Calydontis herbei. Trotz seiner Wildheit folgt er deinem Willen.","Als Herrscher der Wildschweine war Calydontis in seinem Wald weithin gefürchtet, bis er einer Gruppe un<SoftHyphen/>erschro<SoftHyphen/>ckener Abenteurer unterlag. So lernte er Demut und fand in dir seinen Meister.","Eines Tages, wenn ich selbst erfahren genug bin, um ein Wildschwein zu erlegen, gönne ich mir vielleicht auch mal ein Stück.
<Emphasis>Isarmoix</Emphasis>"
267,"Rufe Victor herbei, ein großer Canis, der bei so mancher Hundeshow in Garlemald den ersten Preis gewonnen hat.","Niemand Geringeres als Kaiser Varis gehört zu den Bewunderern dieses Canis, der ein Star bei den Hundeshows in Garlemald ist. Er ist darauf trainiert, sich gut zu präsentieren, doch für den Kampf ist der Schönling weniger geeignet.","Hmpf! Hunde, die bellen, beißen nicht. Immer das Gleiche mit diesen kleinen Kläffern!
<Emphasis>Hundeführer der Tollwütigen Tölen<Emphasis>"
268,"Rufe einen Monitor herbei. Die mysteriöse Maschine kann deine Fähigkeiten analysieren.","Als der Monitor zum ersten Mal deine Fähigkeiten analysierte, war das Ergebnis „Stufe 90“. Wie die Maschine zu diesem Ergebnis kam, bleibt ihr Geheimnis.","Du beeindruckst mich jedes Mal mehr!
<Emphasis>Kai-Shirr</Emphasis>"
269,"Rufe Papa Paissa herbei. Dieser außer<SoftHyphen/>ordent<SoftHyphen/>lich große Paissa ist Vater von acht Sprösslingen.","Um seine acht Kinder zu versorgen, verdient sich dieser große Paissa ein Zubrot, indem er Abenteurern als Reittier dient. Wenn du auf ihm reitest, unterstützt du seine ganze Familie.","Es ist bestimmt nicht leicht, so viele Mäuler zu stopfen.
<Emphasis>Pip</Emphasis>"
270,"","",""
271,"","",""
272,"","",""
273,"Rufe deine Wivre herbei, eine gehörnte Bestie aus der Neuen Welt.","Die in der Neuen Welt beheimateten Wivres sind bösartig und schwer zu zähmen. Nur den Mamool Ja ist es gelungen, einige von ihnen als Reittiere zu bändigen.","Pass auf, dass du dich nicht zu tollkühn in Gefahren stürzt. Vorsicht ist besser als Nachsicht.
<Emphasis>Iliud</Emphasis>"
274,"Rufe deinen Quiexie-König herbei. Dieses Prachtexemplar einer Quiexie riecht leicht nach Räucherschinken.","Anders als seine Artgenossen, verfügt diese Quiexie nicht über die Fähigkeit, andere zu heilen. Also machte man sie kurzerhand zum Reittier und setzte ihr eine Krone auf.","Ein königliches Exemplar!
<Emphasis>Martineau</Emphasis>"
275,"","",""
276,"","",""
277,"","",""
278,"","",""
279,"","",""
280,"","",""
281,"Rufe deinen Alkonost herbei. Ein mystischer Vogel mit Rehhufen.","Dieser im Norden Ilsabards beheimatete Vogel wurde in der Wildnis in Bozja eingefangen. Wegen seiner Zutraulichkeit wird angenommen, dass er einst von einem Bestienbändiger der Kaiserlichen Legion gezähmt wurde.","Diesen Vogel mache ich im Nu zum Piepmatz.
<Emphasis>Pagaga</Emphasis>"
282,"","",""
283,"","",""
284,"Rufe deinen Pod 602 herbei.
Der perfekte Abenteuerbegleiter, wenn er denn ordentlich funktionieren würde. ","Diese weiße Maschine wurde aus einer alten Fabrikruine geborgen. Vermutlich diente sie ursprünglich dem Transport von YoRHa. Eine einzelne Person befördert sie daher mit Leichtigkeit. "," Schnappen wir uns einen Pod!
<Emphasis>Konogg</Emphasis>"
285,"","",""
286,"","",""
287,"","",""
288,"Rufe deinen Troll herbei. Entgegen seines dümmlichen Grinsens ein sehr intelligentes Wesen.","Sharlayanische Forscher sollen einst versucht haben, einigen Trollen die Gebärdensprache beizubringen. Dieser Troll ist eines der Versuchsobjekte. Ob er sich mittels Gebärden mitteilen kann, sei dahingestellt. Sein Lächeln spricht auf jeden Fall Bände.","Eins, zwei, drei, Troll. Test, Test ... Könnt ihr mich verstehen?
<Emphasis>Flauschi</Emphasis>"
289,"","",""
290,"","",""
291,"Rufe deinen Geißelskorpion herbei. Ein riesiges Schuppentier mit einem klauenähnlichen Maul.","Klauber ersannen eine Methode, dieses wilde Geschöpf zu zähmen, um es sich für die Materialbeschaffung zunutze zu machen.","Ein Geißelskorpion hatte die aufgespießten Ritter als Köder benutzt. 
<Emphasis> Eustacia </Emphasis>"
292,"","",""
293,"Rufe deinen Blaufeder-Luchs herbei. Ein magisches Geschöpf, von dem ein blaues Leuchten ausgeht.","Ein magisches Geschöpf, das aus Dynamis besteht und vermutlich von der Endsängerin erschaffen wurde. Zu welchem Zweck, bleibt ein Rätsel.","Ginu Vanu-ooh ist entzückt über Federn blau wie wolkenloser Himmel!
<Emphasis>Ginu Vanu</Emphasis>"
294,"Rufe deinen Megashiba herbei. Offensichtlich etwas größer als der Mameshiba.","Ursprünglich als Mameshiba-Welpe im Handel angeboten wuchs dieser Shiba zu stattlicher Größe heran. Jetzt ist er nicht mehr klein, aber dafür umso knuffiger.","Der Größte unter den Shiba!
<Emphasis>Hundezüchter</Emphasis>"
295,"","",""
296,"","",""
297,"","",""
298,"","",""
299,"","",""
300,"","",""
